product_name,new_price,product_rating,Processor_OR_Generation,RAM,Operating_System,SSD,Display
MSI Prestige 13 AI Evo Intel Core Ultra 5 125H - (16 GB/1 TB SSD/Windows 11 Home) Prestige 13 AI Evo A...,"₹99,990",2.5,Intel Core Ultra 5 Processor,16 GB LPDDR5 RAM,Windows 11 Operating System,1 TB SSD,33.78 cm (13.3 Inch) Display
Lenovo Legion 5 Pro Intel Core i7 12th Gen 12700H - (32 GB/1 TB SSD/Windows 11 Home/8 GB Graphics/NVID...,"₹1,44,990",2.8,Intel Core i7 Processor (12th Gen),32 GB DDR5 RAM,Windows 11 Operating System,1 TB SSD,40.64 cm (16 Inch) Display
SAMSUNG Galaxy Book4 360 Evo Intel Core 7 150U - (16 GB/512 GB SSD/Windows 11 Home) NP750QGK-KG2 2 in ...,"₹1,22,990",3.0,Intel Core 7 Processor,16 GB LPDDR5 RAM,64 bit Windows 11 Operating System,512 GB SSD,39.62 cm (15.6 inch) Touchscreen Display
ASUS Intel Core i3 13th Gen - (8 GB/512 GB SSD/Windows 11 Home) X1504VA-NJ322WS Laptop,"₹45,990",4.1,Intel Core i3 Processor (13th Gen),8 GB DDR4 RAM,Windows 11 Operating System,512 GB SSD,39.62 cm (15.6 inch) Display
HP 15s Intel Core i3 12th Gen 1215U - (8 GB/512 GB SSD/Windows 11 Home) 15s-fq5007TU Thin and Light La...,"₹37,480",4.2,Intel Core i3 Processor (12th Gen),8 GB DDR4 RAM,64 bit Windows 11 Operating System,512 GB SSD,39.62 cm (15.6 Inch) Display
ZEBRONICS Pro Series Y Intel Core i3 11th Gen 1125G4 - (8 GB/512 GB SSD/Windows 11 Home) ZEB-NBC 1S Th...,"₹23,990",3.8,Intel Core i3 Processor (11th Gen),8 GB LPDDR4X RAM,Windows 11 Operating System,512 GB SSD,39.62 cm (15.6 inch) Display
DELL Inspiron 15 3530 Intel Core i5 13th Gen - (8 GB/1 TB SSD/Windows 11 Home) IN3530RW8JY001ORS1 Lapt...,"₹57,990",4.3,Intel Core i5 Processor (13th Gen),8 GB DDR4 RAM,Windows 11 Operating System,1 TB SSD,39.62 cm (15.6 inch) Display
Lenovo V15 G2 Intel Core i3 11th Gen 1115G4 - (8 GB/512 GB SSD/Windows 11 Home) V15 ITL G2 Laptop,"₹33,500",4.2,Intel Core i3 Processor (11th Gen),8 GB DDR4 RAM,64 bit Windows 11 Operating System,512 GB SSD,39.62 cm (15.6 Inch) Display
ZEBRONICS Thin and Light Laptop Intel Core i7 12th Gen 1255U - (16 GB/512 GB SSD/Windows 11 Home) ZEB-...,"₹40,990",3.9,Intel Core i7 Processor (12th Gen),16 GB DDR4 RAM,Windows 11 Operating System,512 GB SSD,39.62 cm (15.6 Inch) Display
ZEBRONICS Pro Series Z Intel Core i7 12th Gen 1255U - (16 GB/512 GB SSD/Windows 11 Home) ZEB-NBC 5S Th...,"₹40,990",3.9,Intel Core i7 Processor (12th Gen),16 GB DDR4 RAM,Windows 11 Operating System,512 GB SSD,39.62 cm (15.6 inch) Display
Acer Spin 7 Intel Core i7 7th Gen 7Y75 - (8 GB/256 GB SSD/Windows 10 Home) SP714-51 Laptop,"₹87,207",4,"Pre-installed Genuine Windows 10 Operating System (Includes Built-in Security, Free Automated Updates, Latest Features)",Intel Core i7 Processor (7th Gen),8 GB DDR3 RAM,64 bit Windows 10 Operating System,256 GB SSD
ASUS Vivobook K15 OLED AMD Ryzen 5 Hexa Core AMD R5-5500U - (16 GB/512 GB SSD/Windows 11 Home) KM513UA...,"₹64,999",4.4,AMD Ryzen 5 Hexa Core Processor,16 GB DDR4 RAM,64 bit Windows 11 Operating System,512 GB SSD,39.62 cm (15.6 Inch) Display
CHUWI Intel Celeron Dual Core 10th Gen N4020 - (4 GB/128 GB SSD/Windows 11 Home) HeroBook Air Laptop,"₹14,990",3.7,"Fan-less Design
(Low Power Consumption)",4x faster than eMMC,M.2 port for easy DIY upgrades,LPDDR4 4GB RAM,Intel 9th generation UHD Graphics
ASUS Vivobook Go 15 OLED (2023) AMD Ryzen 3 Quad Core 7320U - (8 GB/512 GB SSD/Windows 11 Home) E1504F...,"₹46,990",4.4,AMD Ryzen 3 Quad Core Processor,8 GB LPDDR5 RAM,Windows 11 Operating System,512 GB SSD,39.62 cm (15.6 Inch) Display
ASUS TUF Gaming F15 - AI Powered Gaming Intel Core i5 11th Gen 11260H - (8 GB/512 GB SSD/Windows 11 Ho...,"₹48,990",4.3,Intel Core i5 Processor (11th Gen),8 GB DDR4 RAM,Windows 11 Operating System,512 GB SSD,39.62 cm (15.6 Inch) Display
ZEBRONICS Pro Series Y Intel Core i5 11th Gen 1155G7 - (16 GB/512 GB SSD/Windows 11 Home) ZEB-NBC 2S T...,"₹27,990",4,Intel Core i5 Processor (11th Gen),16 GB LPDDR4X RAM,64 bit Windows 11 Operating System,512 GB SSD,39.62 cm (15.6 inch) Display
"ASUS Vivobook 16X (2023) For Creator, Intel H-Series Intel Core i5 12th Gen 12450H - (16 GB/512 GB SSD...","₹67,990",4.2,Intel Core i5 Processor (12th Gen),16 GB DDR4 RAM,Windows 11 Operating System,512 GB SSD,40.64 cm (16 Inch) Display
MSI GF63 Intel Core i5 11th Gen 11260H - (16 GB/512 GB SSD/Windows 11 Home/4 GB Graphics/NVIDIA GeForc...,"₹50,990",4.2,Intel Core i5 Processor (11th Gen),16 GB DDR4 RAM,Windows 11 Operating System,512 GB SSD,39.62 cm (15.6 Inch) Display
Infinix Y1 Plus Neo Intel Intel Celeron Quad Core 11th Gen JSL N5100 - (8 GB/512 GB SSD/Windows 11 Hom...,"₹22,990",4.1,Intel Celeron Quad Core Processor (11th Gen),8 GB LPDDR4X RAM,Windows 11 Operating System,512 GB SSD,39.01 cm (15.36 inch) Display
HP Pavilion AMD Ryzen 5 Hexa Core 5625U - (8 GB/512 GB SSD/Windows 11 Home) 15-eh2050au Thin and Light...,"₹54,990",4.5,AMD Ryzen 5 Hexa Core Processor,8 GB DDR4 RAM,Windows 11 Operating System,512 GB SSD,39.62 cm (15.6 inch) Display
HP AMD Ryzen 5 Hexa Core 7535HS - (8 GB/512 GB SSD/Windows 11 Home/4 GB Graphics/NVIDIA GeForce RTX NV...,"₹52,850",4.0,AMD Ryzen 5 Hexa Core Processor,8 GB DDR4 RAM,Windows 11 Home Operating System,512 GB SSD,39.62 cm (15.6 inch) Display
ASUS (2022) Intel Celeron Dual Core N4500 - (4 GB/128 GB SSD/Windows 11 Home) BR1100CKA-GJ0722W Laptop,"₹16,990",4.1,Intel Celeron Dual Core Processor,4 GB DDR4 RAM,64 bit Windows 11 Operating System,128 GB SSD,29.46 cm (11.6 Inch) Display
MSI Prestige 13 AI Evo Intel Core Ultra 7 155H - (16 GB/1 TB SSD/Windows 11 Home) Prestige 13 AI Evo A...,"₹1,14,990",3.6,Intel Core Ultra 7 Processor,16 GB LPDDR5 RAM,Windows 11 Operating System,1 TB SSD,33.78 cm (13.3 Inch) Display
Apple MacBook Air Apple M3 - (8 GB/256 GB SSD/macOS Sonoma) MRXT3HN/A,"₹1,14,900",3.9,Apple M3 Processor,8 GB Unified Memory RAM,Mac OS Operating System,256 GB SSD,33.02 cm (13 Inch) Display
ASUS TUF Gaming F15 - AI Powered Gaming Intel Core i5 11th Gen 11260H - (8 GB/512 GB SSD/Windows 11 Ho...,"₹48,990",4.3,Intel Core i5 Processor (11th Gen),8 GB DDR4 RAM,Windows 11 Operating System,512 GB SSD,39.62 cm (15.6 Inch) Display
Infinix Y1 Plus Neo Intel Intel Celeron Quad Core 11th Gen JSL N5100 - (8 GB/512 GB SSD/Windows 11 Hom...,"₹22,990",4.1,Intel Celeron Quad Core Processor (11th Gen),8 GB LPDDR4X RAM,Windows 11 Operating System,512 GB SSD,39.01 cm (15.36 inch) Display
Acer Travelmate AMD Ryzen 5 Hexa Core 5500U - (8 GB/512 GB SSD/Windows 11 Home) TMP214-41-G3 Thin and ...,"₹29,990",4.1,AMD Ryzen 5 Hexa Core Processor,8 GB DDR4 RAM,Windows 11 Operating System,512 GB SSD,35.56 cm (14 Inch) Display
DELL Inspiron Intel Core i5 11th Gen 11320H - (16 GB/512 GB SSD/Windows 11 Home) Inspiron 5518 Thin an...,"₹36,607",4.1,Intel Core i5 Processor (11th Gen),16 GB DDR4 RAM,64 bit Windows 11 Operating System,512 GB SSD,39.62 cm (15.6 Inch) Display
DELL Latitude Intel Core i3 11th Gen Core i3-1115G4 - (8 GB/256 GB SSD/Ubuntu) 3420 Business Laptop,"₹33,499",4,Intel Core i3 Processor (11th Gen),8 GB DDR4 RAM,64 bit Linux/Ubuntu Operating System,256 GB SSD,35.56 cm (14 inch) Display
Apple 2022 MacBook AIR Apple M2 - (8 GB/256 GB SSD/Mac OS Monterey) MLY13HN/A,"₹99,990",4.7,Apple M2 Processor,8 GB Unified Memory RAM,Mac OS Operating System,256 GB SSD,34.54 cm (13.6 Inch) Display
ZEBRONICS Pro Series Y Intel Core i3 11th Gen 1125G4 - (8 GB/512 GB SSD/Windows 11 Home) ZEB-NBC 1S Th...,"₹23,990",3.8,Intel Core i3 Processor (11th Gen),8 GB LPDDR4X RAM,Windows 11 Operating System,512 GB SSD,39.62 cm (15.6 inch) Display
ZEBRONICS Pro Series Y Intel Core i5 11th Gen 1155G7 - (16 GB/512 GB SSD/Windows 11 Home) ZEB-NBC 2S T...,"₹27,990",4,Intel Core i5 Processor (11th Gen),16 GB LPDDR4X RAM,64 bit Windows 11 Operating System,512 GB SSD,39.62 cm (15.6 inch) Display
Ultimus Intel Celeron Dual Core N4020 - (4 GB/128 GB EMMC Storage/Windows 11 Home) NU14U3INC43BN-CS Th...,"₹12,990",4.1,Intel Celeron Dual Core Processor,4 GB DDR4 RAM,Windows 11 Operating System,35.81 cm (14.1 inch) Display,1 Year Onsite Warranty
ZEBRONICS Pro Series Z Intel Core i7 12th Gen 1255U - (16 GB/512 GB SSD/Windows 11 Home) ZEB-NBC 5S Th...,"₹40,990",3.9,Intel Core i7 Processor (12th Gen),16 GB DDR4 RAM,Windows 11 Operating System,512 GB SSD,39.62 cm (15.6 inch) Display
Lenovo Lenovo LOQ AI Powered AMD Ryzen 7 Octa Core 7840HS - (16 GB/512 GB SSD/Windows 11 Home/6 GB Gra...,"₹79,990",4.3,AMD Ryzen 7 Octa Core Processor,16 GB DDR5 RAM,Windows 11 Operating System,512 GB SSD,39.62 cm (15.6 Inch) Display
ASUS TUF Gaming F15 with 90WHr Battery Intel Core i5 11th Gen 11400H - (16 GB/512 GB SSD/Windows 11 Ho...,"₹59,990",4.5,Intel Core i5 Processor (11th Gen),16 GB DDR4 RAM,Windows 11 Operating System,512 GB SSD,39.62 cm (15.6 Inch) Display
Acer Aspire 5 Gaming Intel Core i5 12th Gen 1240P - (16 GB/512 GB SSD/Windows 11 Home/4 GB Graphics/NV...,"₹56,499",4.1,Intel Core i5 Processor (12th Gen),16 GB DDR4 RAM,64 bit Windows 11 Operating System,512 GB SSD,39.62 cm (15.6 inch) Display
HP 841w6pa 255 g9 AMD Ryzen 3 Dual Core AMD Ryzen™ 3 processor 3250U - (8 GB/512 GB SSD/DOS) 255 G8 La...,"₹26,990",3.9,AMD Ryzen 3 Dual Core Processor,8 GB DDR4 RAM,DOS Operating System,512 GB SSD,39.62 cm (15.6 inch) Display
ASUS TUF Gaming F15 with 90Whr Battery with 90WHr Battery Intel H-Series Intel Core i5 11th Gen 11400H...,"₹62,990",4.7,Intel Core i5 Processor (11th Gen),16 GB DDR4 RAM,Windows 11 Operating System,512 GB SSD,39.62 cm (15.6 Inch) Display
SAMSUNG Galaxy Book3 Intel Core i7 13th Gen 1355U - (16 GB/512 GB SSD/Windows 11 Home) NP750XFG-KA3IN ...,"₹81,990",4.5,Intel Core i7 Processor (13th Gen),16 GB LPDDR4X RAM,Windows 11 Operating System,512 GB SSD,39.62 cm (15.6 Inch) Display
HP 14a Intel Celeron Dual Core N4500 - (4 GB/64 GB EMMC Storage/Chrome OS) 14a- na1004TU Chromebook,"₹18,990",3.7,Intel Celeron Dual Core Processor,4 GB LPDDR4 RAM,Chrome Operating System,35.56 cm (14 Inch) Touchscreen Display,1 Year Onsite Warranty
Acer Predator Neo (2023) Intel Core i7 13th Gen 13700HX - (16 GB/512 GB SSD/Windows 11 Home/6 GB Graph...,"₹1,12,990",4.5,Intel Core i7 Processor (13th Gen),16 GB DDR5 RAM,Windows 11 Operating System,512 GB SSD,40.64 cm (16 Inch) Display
ASUS Vivobook S14 OLED Intel EVO H-Series Intel Core i7 12th Gen 12700H - (16 GB/512 GB SSD/Windows 11...,"₹84,990",4.3,Intel Core i7 Processor (12th Gen),16 GB DDR4 RAM,Windows 11 Operating System,512 GB SSD,35.56 cm (14 inch) Display
ASUS Intel Core i5 11th Gen 1135G7 - (16 GB/512 GB SSD/Windows 11 Home) X1400EA-EK543WS Thin and Light...,"₹46,990",4.3,Intel Core i5 Processor (11th Gen),16 GB DDR4 RAM,Windows 11 Operating System,512 GB SSD,35.56 cm (14 inch) Display
ZEBRONICS Pro Series Z Intel Core i7 12th Gen 1255U - (16 GB/512 GB SSD/Windows 11 Home) ZEB-NBC 5S Th...,"₹40,990",3.9,Intel Core i7 Processor (12th Gen),16 GB DDR4 RAM,Windows 11 Operating System,512 GB SSD,39.62 cm (15.6 inch) Display
Acer Extensa (2023) AMD Ryzen 5 Quad Core 7520U - (8 GB/512 GB SSD/Windows 11 Home) EX215-23 Thin and ...,"₹31,990",4.1,Stylish & Portable Thin and Light Laptop,LPDDR5 RAM -faster & low power consuming,Firmware TPM (Trusted Platform Module)-Improved Security of your PC,FHD 1080p screen with 250 Nits brightness,Latest WiFi 6
HP Pavilion 15 (2023) Intel Core i3 12th Gen 1215U - (8 GB/512 GB SSD/Windows 11 Home) 15-eg2017TU Thi...,"₹48,490",4.4,Intel Core i3 Processor (12th Gen),8 GB DDR4 RAM,Windows 11 Operating System,512 GB SSD,39.62 cm (15.6 Inch) Display
ASUS Vivobook Intel Celeron Dual Core N4020 - (8 GB/512 GB SSD/Windows 10 Home) X515MA-BR022WS Thin an...,"₹27,990",3.9,Intel Celeron Dual Core Processor,8 GB DDR4 RAM,64 bit Windows 11 Operating System,512 GB SSD,39.62 cm (15.6 inch) Display
MSI Prestige 13 AI Evo Intel Core Ultra 5 125H - (16 GB/1 TB SSD/Windows 11 Home) Prestige 13 AI Evo A...,"₹99,990",4.9,Intel Core Ultra 5 Processor,16 GB LPDDR5 RAM,Windows 11 Operating System,1 TB SSD,33.78 cm (13.3 Inch) Display
SAMSUNG Galaxy Book4 360 Evo Intel Core 7 150U - (16 GB/512 GB SSD/Windows 11 Home) NP750QGK-KG2 2 in ...,"₹1,22,990",3.9,Intel Core 7 Processor,16 GB LPDDR5 RAM,64 bit Windows 11 Operating System,512 GB SSD,39.62 cm (15.6 inch) Touchscreen Display
HP 360 Intel Celeron Dual Core N4120 - (4 GB/64 GB EMMC Storage/Chrome OS) 14a-ca0506TU Chromebook,"₹21,990",3.9,Intel Celeron Dual Core Processor,4 GB LPDDR4 RAM,64 bit Chrome Operating System,35.56 cm (14 Inch) Touchscreen Display,1 Year Onsite Warranty
"ASUS Vivobook 16X (2023) For Creator, Intel H-Series Intel Core i7 12th Gen 12650H - (16 GB/1 TB SSD/W...","₹98,990",4.1,Intel Core i7 Processor (12th Gen),16 GB DDR4 RAM,Windows 11 Operating System,1 TB SSD,40.64 cm (16 Inch) Display
ZEBRONICS Pro Series Y Intel Core i3 11th Gen 1125G4 - (8 GB/512 GB SSD/Windows 11 Home) ZEB-NBC 1S Th...,"₹23,990",3.8,Intel Core i3 Processor (11th Gen),8 GB LPDDR4X RAM,Windows 11 Operating System,512 GB SSD,39.62 cm (15.6 inch) Display
ASUS TUF Gaming F15 - AI Powered Gaming Intel Core i5 11th Gen 11260H - (8 GB/512 GB SSD/Windows 11 Ho...,"₹48,990",4.3,Intel Core i5 Processor (11th Gen),8 GB DDR4 RAM,Windows 11 Operating System,512 GB SSD,39.62 cm (15.6 Inch) Display
DELL Latitude 14 Intel Core i5 11th Gen - (16 GB/512 GB SSD/Ubuntu) 3420 Business Laptop,"₹43,990",3.7,Intel Core i5 Processor (11th Gen),16 GB DDR4 RAM,Linux/Ubuntu Operating System,512 GB SSD,35.56 cm (14 inch) Display
Lenovo Lenovo Legion Slim 5 AI Powered AMD Ryzen 7 Octa Core 7840HS - (16 GB/512 GB SSD/Windows 11 Hom...,"₹1,14,190",3.3,AMD Ryzen 7 Octa Core Processor,16 GB DDR5 RAM,Windows 11 Operating System,512 GB SSD,40.64 cm (16 inch) Display
ZEBRONICS Pro Series Y Intel Core i5 11th Gen 1155G7 - (16 GB/512 GB SSD/Windows 11 Home) ZEB-NBC 2S T...,"₹27,990",4,Intel Core i5 Processor (11th Gen),16 GB LPDDR4X RAM,64 bit Windows 11 Operating System,512 GB SSD,39.62 cm (15.6 inch) Display
Infinix Y1 Plus Neo Intel Intel Celeron Quad Core 11th Gen JSL N5100 - (8 GB/512 GB SSD/Windows 11 Hom...,"₹22,990",4.1,Intel Celeron Quad Core Processor (11th Gen),8 GB LPDDR4X RAM,Windows 11 Operating System,512 GB SSD,39.01 cm (15.36 inch) Display
ASUS Vivobook Go 15 OLED (2023) AMD Ryzen 3 Quad Core 7320U - (8 GB/512 GB SSD/Windows 11 Home) E1504F...,"₹46,990",4.4,AMD Ryzen 3 Quad Core Processor,8 GB LPDDR5 RAM,Windows 11 Operating System,512 GB SSD,39.62 cm (15.6 Inch) Display
Acer Spin 7 Intel Core i7 7th Gen 7Y75 - (8 GB/256 GB SSD/Windows 10 Home) SP714-51 Laptop,"₹87,207",4,"Pre-installed Genuine Windows 10 Operating System (Includes Built-in Security, Free Automated Updates, Latest Features)",Intel Core i7 Processor (7th Gen),8 GB DDR3 RAM,64 bit Windows 10 Operating System,256 GB SSD
CHUWI Intel Celeron Dual Core 10th Gen N4020 - (4 GB/128 GB SSD/Windows 11 Home) HeroBook Air Laptop,"₹14,990",3.7,"Fan-less Design
(Low Power Consumption)",4x faster than eMMC,M.2 port for easy DIY upgrades,LPDDR4 4GB RAM,Intel 9th generation UHD Graphics
ASUS Vivobook K15 OLED AMD Ryzen 5 Hexa Core AMD R5-5500U - (16 GB/512 GB SSD/Windows 11 Home) KM513UA...,"₹64,999",4.4,AMD Ryzen 5 Hexa Core Processor,16 GB DDR4 RAM,64 bit Windows 11 Operating System,512 GB SSD,39.62 cm (15.6 Inch) Display
ASUS TUF Gaming F15 with 90WHr Battery Intel Core i5 11th Gen 11400H - (16 GB/512 GB SSD/Windows 11 Ho...,"₹59,990",4.5,Intel Core i5 Processor (11th Gen),16 GB DDR4 RAM,Windows 11 Operating System,512 GB SSD,39.62 cm (15.6 Inch) Display
HP Pavilion (2023) Eyesafe AMD Ryzen 5 Hexa Core 5625U - (16 GB/512 GB SSD/Windows 11 Home) 14-EC1019A...,"₹59,990",4.4,AMD Ryzen 5 Hexa Core Processor,16 GB DDR4 RAM,64 bit Windows 11 Operating System,512 GB SSD,35.56 cm (14 inch) Display
ASUS Intel Core i3 13th Gen - (8 GB/512 GB SSD/Windows 11 Home) X1504VA-NJ322WS Laptop,"₹45,990",4.1,Intel Core i3 Processor (13th Gen),8 GB DDR4 RAM,Windows 11 Operating System,512 GB SSD,39.62 cm (15.6 inch) Display
Lenovo V15 G2 Intel Core i3 11th Gen 1115G4 - (8 GB/512 GB SSD/Windows 11 Home) V15 ITL G2 Laptop,"₹33,500",4.2,Intel Core i3 Processor (11th Gen),8 GB DDR4 RAM,64 bit Windows 11 Operating System,512 GB SSD,39.62 cm (15.6 Inch) Display
HP 14a Intel Celeron Dual Core N4500 - (4 GB/64 GB EMMC Storage/Chrome OS) 14a- na1004TU Chromebook,"₹18,990",3.7,Intel Celeron Dual Core Processor,4 GB LPDDR4 RAM,Chrome Operating System,35.56 cm (14 Inch) Touchscreen Display,1 Year Onsite Warranty
Acer Predator Neo (2023) Intel Core i7 13th Gen 13700HX - (16 GB/512 GB SSD/Windows 11 Home/6 GB Graph...,"₹1,12,990",4.5,Intel Core i7 Processor (13th Gen),16 GB DDR5 RAM,Windows 11 Operating System,512 GB SSD,40.64 cm (16 Inch) Display
MSI GF63 Intel Core i5 11th Gen 11260H - (16 GB/512 GB SSD/Windows 11 Home/4 GB Graphics/NVIDIA GeForc...,"₹50,990",4.2,Intel Core i5 Processor (11th Gen),16 GB DDR4 RAM,Windows 11 Operating System,512 GB SSD,39.62 cm (15.6 Inch) Display
HP AMD Ryzen 5 Hexa Core 7535HS - (8 GB/512 GB SSD/Windows 11 Home/4 GB Graphics/NVIDIA GeForce RTX NV...,"₹52,850",4.4,AMD Ryzen 5 Hexa Core Processor,8 GB DDR4 RAM,Windows 11 Home Operating System,512 GB SSD,39.62 cm (15.6 inch) Display
ASUS (2022) Intel Celeron Dual Core N4500 - (4 GB/128 GB SSD/Windows 11 Home) BR1100CKA-GJ0722W Laptop,"₹16,990",4.1,Intel Celeron Dual Core Processor,4 GB DDR4 RAM,64 bit Windows 11 Operating System,128 GB SSD,29.46 cm (11.6 Inch) Display
MSI Prestige 13 AI Evo Intel Core Ultra 7 155H - (16 GB/1 TB SSD/Windows 11 Home) Prestige 13 AI Evo A...,"₹1,14,990",4.6,Intel Core Ultra 7 Processor,16 GB LPDDR5 RAM,Windows 11 Operating System,1 TB SSD,33.78 cm (13.3 Inch) Display
ZEBRONICS Pro Series Y Intel Core i3 11th Gen 1125G4 - (8 GB/512 GB SSD/Windows 11 Home) ZEB-NBC 1S Th...,"₹23,990",3.8,Intel Core i3 Processor (11th Gen),8 GB LPDDR4X RAM,Windows 11 Operating System,512 GB SSD,39.62 cm (15.6 inch) Display
ASUS TUF Gaming F15 - AI Powered Gaming Intel Core i5 11th Gen 11260H - (8 GB/512 GB SSD/Windows 11 Ho...,"₹48,990",4.3,Intel Core i5 Processor (11th Gen),8 GB DDR4 RAM,Windows 11 Operating System,512 GB SSD,39.62 cm (15.6 Inch) Display
Lenovo IdeaPad Slim 5 Intel Core i7 13th Gen 13700H - (16 GB/1 TB SSD/Windows 11 Home) 16IRL8 Laptop,"₹87,190",4.2,Intel Core i7 Processor (13th Gen),16 GB LPDDR5 RAM,Windows 11 Operating System,1 TB SSD,40.64 cm (16 inch) Display
Acer Aspire 5 15 Intel Core i5 13th Gen 1335U - (16 GB/512 GB SSD/Windows 11 Home) A515-58M-56E0 Thin ...,"₹56,999",4.6,Intel Core i5 Processor (13th Gen),16 GB LPDDR5 RAM,Windows 11 Operating System,512 GB SSD,39.62 cm (15.6 Inch) Display
ZEBRONICS Pro Series Y Intel Core i5 11th Gen 1155G7 - (16 GB/512 GB SSD/Windows 11 Home) ZEB-NBC 2S T...,"₹27,990",4,Intel Core i5 Processor (11th Gen),16 GB LPDDR4X RAM,64 bit Windows 11 Operating System,512 GB SSD,39.62 cm (15.6 inch) Display
Infinix Y1 Plus Neo Intel Intel Celeron Quad Core 11th Gen JSL N5100 - (8 GB/512 GB SSD/Windows 11 Hom...,"₹22,990",4.1,Intel Celeron Quad Core Processor (11th Gen),8 GB LPDDR4X RAM,Windows 11 Operating System,512 GB SSD,39.01 cm (15.36 inch) Display
ASUS ROG Zephyrus Duo 16 (2022) Dual Screen Laptop with 90Whr Battery AMD Ryzen 9 Octa Core 6900HX - (...,"₹3,61,990",3.3,AMD Ryzen 9 Octa Core Processor,32 GB DDR5 RAM,64 bit Windows 11 Operating System,2 TB SSD,40.64 cm (16 Inch) Display
HP Spectre x360 (2023) OLED Eyesafe Evo Intel Core i7 13th Gen 1355U - (32 GB/1 TB SSD/Windows 11 Home...,"₹1,45,990",4.4,Intel Core i7 Processor (13th Gen),32 GB LPDDR4X RAM,64 bit Windows 11 Operating System,1 TB SSD,34.29 cm (13.5 Inch) Touchscreen Display
DELL AMD Ryzen 5 Quad Core 7520U - (8 GB/1 TB SSD/Windows 11 Home) Inspiron 3535 Thin and Light Laptop,"₹45,595",5,AMD Ryzen 5 Quad Core Processor,8 GB DDR4 RAM,Windows 11 Operating System,1 TB SSD,39.62 cm (15.6 Inch) Display
HP 15s Intel Core i3 11th Gen 1115G4 - (8 GB/512 GB SSD/Windows 10 Home) 15s-FQ2072TU Thin and Light L...,"₹34,990",4.3,Intel Core i3 Processor (11th Gen),8 GB DDR4 RAM,64 bit Windows 10 Operating System,512 GB SSD,39.62 cm (15.6 inch) Display
ASUS TUF Gaming F15 with 90WHr Battery Intel Core i5 11th Gen 11400H - (16 GB/512 GB SSD/Windows 11 Ho...,"₹59,990",4.5,Intel Core i5 Processor (11th Gen),16 GB DDR4 RAM,Windows 11 Operating System,512 GB SSD,39.62 cm (15.6 Inch) Display
HP 14a Intel Celeron Dual Core N4500 - (4 GB/64 GB EMMC Storage/Chrome OS) 14a- na1004TU Chromebook,"₹18,990",3.7,Intel Celeron Dual Core Processor,4 GB LPDDR4 RAM,Chrome Operating System,35.56 cm (14 Inch) Touchscreen Display,1 Year Onsite Warranty
Infinix Y4 Max Series Intel Core i5 13th Gen 1335U - (16 GB/512 GB SSD/Windows 11 Home) YL613 Thin and...,"₹43,990",4.4,Intel Core i5 Processor (13th Gen),16 GB LPDDR4X RAM,Windows 11 Operating System,512 GB SSD,40.64 cm (16 inch) Display
ASUS VivoBook 14 (2021) Intel Celeron Dual Core N4020 - (4 GB/256 GB SSD/Windows 11 Home) X415MA-BV011...,"₹25,990",4.1,Intel Celeron Dual Core Processor,4 GB DDR4 RAM,64 bit Windows 11 Operating System,256 GB SSD,35.56 cm (14 inch) Display
Acer Predator Neo (2023) Intel Core i7 13th Gen 13700HX - (16 GB/512 GB SSD/Windows 11 Home/6 GB Graph...,"₹1,12,990",4.5,Intel Core i7 Processor (13th Gen),16 GB DDR5 RAM,Windows 11 Operating System,512 GB SSD,40.64 cm (16 Inch) Display
MSI Modern 14 AMD Ryzen 5 Hexa Core 7530U - (16 GB/512 GB SSD/Windows 11 Home) Modern 14 C7M-062IN Thi...,"₹37,990",4.3,AMD Ryzen 5 Hexa Core Processor,16 GB DDR4 RAM,Windows 11 Operating System,512 GB SSD,35.56 cm (14 Inch) Display
Acer Extensa (2023) Intel Intel Core i3 12th Gen N305 - (8 GB/512 GB SSD/Windows 11 Home) EX215-33 Thi...,"₹32,990",4.2,Intel Core i3 Processor (12th Gen),8 GB LPDDR5 RAM,64 bit Windows 11 Operating System,512 GB SSD,39.62 cm (15.6 Inch) Display
Lenovo Intel Core i7 12th Gen 1255U - (16 GB/512 GB SSD/Windows 11 Home) TP E14 Gen 4 Thin and Light L...,"₹1,40,400",2.9,Intel Core i7 Processor (12th Gen),16 GB DDR4 RAM,Windows 11 Operating System,512 GB SSD,35.56 cm (14 Inch) Display
CHUWI Intel Celeron Dual Core 11th Gen N4020 - (8 GB/256 GB SSD/Windows 11 Home) HeroBook Plus Laptop,"₹18,990",3.7,Intel Celeron Dual Core Processor (11th Gen),8 GB DDR4 RAM,64 bit Windows 11 Operating System,256 GB SSD,39.62 cm (15.6 Inch) Display
Lenovo T14 Gen 2 Intel Core i7 11th Gen 1165G7 - (16 GB/512 GB SSD/Windows 10 Pro) T14 Gen 2 Laptop,"₹99,999",4.5,Intel Core i7 Processor (11th Gen),16 GB DDR4 RAM,64 bit Windows 10 Operating System,512 GB SSD,35.56 cm (14 inch) Display
Acer Extensa (2023) AMD Ryzen 5 Quad Core 7520U - (8 GB/512 GB SSD/Windows 11 Home) EX215-23 Thin and ...,"₹31,990",4.1,Stylish & Portable Thin and Light Laptop,LPDDR5 RAM -faster & low power consuming,Firmware TPM (Trusted Platform Module)-Improved Security of your PC,FHD 1080p screen with 250 Nits brightness,Latest WiFi 6
ZEBRONICS Pro Series Z Intel Core i7 12th Gen 1255U - (16 GB/512 GB SSD/Windows 11 Home) ZEB-NBC 5S Th...,"₹40,990",3.9,Intel Core i7 Processor (12th Gen),16 GB DDR4 RAM,Windows 11 Operating System,512 GB SSD,39.62 cm (15.6 inch) Display
DELL G15 Intel Core i7 12th Gen 12700H - (16 GB/1 TB SSD/Windows 11 Home/6 GB Graphics/NVIDIA GeForce ...,"₹1,06,390",4.3,Intel Core i7 Processor (12th Gen),16 GB DDR5 RAM,64 bit Windows 11 Operating System,1 TB SSD,96.52 cm (38 cm) Display
"ASUS Vivobook 16X (2023) For Creator, Intel H-Series Intel Core i7 12th Gen 12650H - (16 GB/1 TB SSD/W...","₹82,990",4.1,Intel Core i7 Processor (12th Gen),16 GB DDR4 RAM,Windows 11 Operating System,1 TB SSD,40.64 cm (16 Inch) Display
Lenovo IdeaPad 3 Intel Intel Core i3 11th Gen - (8 GB/512 GB SSD/Windows 11 Home) 81X800LAIN Laptop,"₹35,800",4.1,Intel Core i3 Processor (11th Gen),8 GB DDR4 RAM,Windows 11 Operating System,512 GB SSD,39.62 cm (15.6 inch) Display
Apple 2023 MacBook Pro Apple M3 Pro - (18 GB/512 GB SSD/macOS Sonoma) MRX33HN/A,"₹1,99,900",4.5,Apple M3 Pro Processor,18 GB Unified Memory RAM,Mac OS Operating System,512 GB SSD,35.56 cm (14 Inch) Display
ZEBRONICS Pro Series Y Intel Core i3 11th Gen 1125G4 - (8 GB/512 GB SSD/Windows 11 Home) ZEB-NBC 1S Th...,"₹23,990",3.8,Intel Core i3 Processor (11th Gen),8 GB LPDDR4X RAM,Windows 11 Operating System,512 GB SSD,39.62 cm (15.6 inch) Display
ASUS TUF Gaming F15 - AI Powered Gaming Intel Core i5 11th Gen 11260H - (8 GB/512 GB SSD/Windows 11 Ho...,"₹48,990",4.3,Intel Core i5 Processor (11th Gen),8 GB DDR4 RAM,Windows 11 Operating System,512 GB SSD,39.62 cm (15.6 Inch) Display
Avita Liber Intel Core i7 8th Gen 8550U - (8 GB/256 GB SSD/Windows 10 Home) NS14A2IN247P Thin and Ligh...,"₹39,942",3,Intel Core i7 Processor (8th Gen),8 GB DDR4 RAM,64 bit Windows 10 Operating System,256 GB SSD,35.56 cm (14 inch) Display
HP Intel Celeron Dual Core - (8 GB/256 GB SSD/Windows 11 Home) 14s- dq3032tu Thin and Light Laptop,"₹27,999",4.6,Intel Celeron Dual Core Processor,8 GB DDR4 RAM,Windows 11 Home Operating System,256 GB SSD,35.56 cm (14 inch) Display
ZEBRONICS Pro Series Y Intel Core i5 11th Gen 1155G7 - (16 GB/512 GB SSD/Windows 11 Home) ZEB-NBC 2S T...,"₹27,990",4,Intel Core i5 Processor (11th Gen),16 GB LPDDR4X RAM,64 bit Windows 11 Operating System,512 GB SSD,39.62 cm (15.6 inch) Display
Infinix Y1 Plus Neo Intel Intel Celeron Quad Core 11th Gen JSL N5100 - (8 GB/512 GB SSD/Windows 11 Hom...,"₹22,990",4.1,Intel Celeron Quad Core Processor (11th Gen),8 GB LPDDR4X RAM,Windows 11 Operating System,512 GB SSD,39.01 cm (15.36 inch) Display
HP Laptop AMD Ryzen 3 Quad Core 5300U - (8 GB/512 GB SSD/Windows 11 Home) 15s- eq2213AU Thin and Light...,"₹36,900",4.5,AMD Ryzen 3 Quad Core Processor,8 GB DDR4 RAM,Windows 11 Operating System,512 GB SSD,39.62 cm (15.6 Inch) Display
HP G Series Intel Core i3 10th Gen 1005G1 - (4 GB/512 GB SSD/Windows 10 Home) 250 G8 Thin and Light La...,"₹43,999",4.3,Intel Core i3 Processor (10th Gen),4 GB DDR4 RAM,64 bit Windows 10 Operating System,512 GB SSD,39.62 cm (15.6 inch) Display
ASUS ASUS TUF Gaming A15 AMD Ryzen 5 Hexa Core 10th Gen - (8 GB + 32 GB Optane/512 GB SSD/Windows 11 H...,"₹59,776",4.5,AMD Ryzen 5 Hexa Core Processor (10th Gen),8 GB DDR4 RAM,64 bit Windows 11 Operating System,512 GB SSD,39.62 cm (15.6 inch) Display
MSI Stealth 15 Intel Core i7 13th Gen 13620H - (16 GB/1 TB SSD/Windows 11 Home/8 GB Graphics/NVIDIA Ge...,"₹1,71,990",3,Intel Core i7 Processor (13th Gen),16 GB DDR5 RAM,Windows 11 Operating System,1 TB SSD,39.62 cm (15.6 Inch) Display
ASUS TUF Gaming F15 with 90WHr Battery Intel Core i5 11th Gen 11400H - (16 GB/512 GB SSD/Windows 11 Ho...,"₹59,990",4.5,Intel Core i5 Processor (11th Gen),16 GB DDR4 RAM,Windows 11 Operating System,512 GB SSD,39.62 cm (15.6 Inch) Display
HP 14a Intel Celeron Dual Core N4500 - (4 GB/64 GB EMMC Storage/Chrome OS) 14a- na1004TU Chromebook,"₹18,990",3.7,Intel Celeron Dual Core Processor,4 GB LPDDR4 RAM,Chrome Operating System,35.56 cm (14 Inch) Touchscreen Display,1 Year Onsite Warranty
ASUS AMD Ryzen 7 Quad Core - (16 GB/1 TB SSD/Windows 11 Home/4 GB Graphics/NVIDIA GeForce RTX RTX3050T...,"₹84,910",3.5,AMD Ryzen 7 Quad Core Processor,16 GB DDR4 RAM,Windows 11 Operating System,1 TB SSD,39.62 cm (15.6 inch) Display
MSI Modern 15 Intel Core i5 13th Gen 1335U - (8 GB/512 GB SSD/Windows 11 Home) Modern 15 B13M-291IN Th...,"₹53,990",4.1,Intel Core i5 Processor (13th Gen),8 GB DDR4 RAM,Windows 11 Operating System,512 GB SSD,39.62 cm (15.6 Inch) Display
Acer Predator Neo (2023) Intel Core i7 13th Gen 13700HX - (16 GB/512 GB SSD/Windows 11 Home/6 GB Graph...,"₹1,12,990",4.5,Intel Core i7 Processor (13th Gen),16 GB DDR5 RAM,Windows 11 Operating System,512 GB SSD,40.64 cm (16 Inch) Display
Acer Extensa (2023) AMD Ryzen 5 Quad Core 7520U - (8 GB/512 GB SSD/Windows 11 Home) EX215-23 Thin and ...,"₹31,990",4.1,Stylish & Portable Thin and Light Laptop,LPDDR5 RAM -faster & low power consuming,Firmware TPM (Trusted Platform Module)-Improved Security of your PC,FHD 1080p screen with 250 Nits brightness,Latest WiFi 6
HP Pavilion (2023) Eyesafe Intel Core i7 12th Gen 1260P - (16 GB/1 TB SSD/Windows 11 Home) 15-EG2039TU...,"₹85,990",4.2,Intel Core i7 Processor (12th Gen),16 GB DDR4 RAM,64 bit Windows 11 Operating System,1 TB SSD,39.62 cm (15.6 inch) Display
ASUS ROG Zephyrus G14 (2023) with 76WHr Battery AMD Ryzen 7 Octa Core 7735HS - (16 GB/1 TB SSD/Windows...,"₹1,14,990",4.4,AMD Ryzen 7 Octa Core Processor,16 GB DDR5 RAM,Windows 11 Operating System,1 TB SSD,35.56 cm (14 Inch) Display
Acer Swift Go 14 AI Powered EVO Intel Core Ultra 7 155H - (16 GB/1 TB SSD/Windows 11 Home) SFG14-72T -...,"₹99,990",4.8,Intel Core Ultra 7 Processor,16 GB LPDDR5X RAM,Windows 11 Operating System,1 TB SSD,35.56 cm (14 Inch) Touchscreen Display
HP Victus Intel Core i5 11th Gen 11400H - (16 GB/512 GB SSD/Windows 11 Home/4 GB Graphics/NVIDIA GeFor...,"₹61,500",4.3,Intel Core i5 Processor (11th Gen),16 GB DDR4 RAM,Windows 11 Operating System,512 GB SSD,40.89 cm (16.1 Inch) Display
MSI Modern 14 AMD Ryzen 5 Hexa Core 7530U - (16 GB/512 GB SSD/Windows 11 Home) Modern 14 C7M-062IN Thi...,"₹37,990",4.3,AMD Ryzen 5 Hexa Core Processor,16 GB DDR4 RAM,Windows 11 Operating System,512 GB SSD,35.56 cm (14 Inch) Display
ZEBRONICS Pro Series Z Intel Core i7 12th Gen 1255U - (16 GB/512 GB SSD/Windows 11 Home) ZEB-NBC 5S Th...,"₹40,990",3.9,Intel Core i7 Processor (12th Gen),16 GB DDR4 RAM,Windows 11 Operating System,512 GB SSD,39.62 cm (15.6 inch) Display
ZEBRONICS Pro Series Y Intel Core i3 11th Gen 1125G4 - (8 GB/512 GB SSD/Windows 11 Home) ZEB-NBC 1S Th...,"₹23,990",3.8,Intel Core i3 Processor (11th Gen),8 GB LPDDR4X RAM,Windows 11 Operating System,512 GB SSD,39.62 cm (15.6 inch) Display
ASUS TUF Gaming F15 - AI Powered Gaming Intel Core i5 11th Gen 11260H - (8 GB/512 GB SSD/Windows 11 Ho...,"₹48,990",4.3,Intel Core i5 Processor (11th Gen),8 GB DDR4 RAM,Windows 11 Operating System,512 GB SSD,39.62 cm (15.6 Inch) Display
ASUS TUF Gaming F15 (2023) with 90WHr Battery Intel H-Series Intel Core i7 12th Gen 12700H - (16 GB/51...,"₹99,990",4.5,Intel Core i7 Processor (12th Gen),16 GB DDR4 RAM,Windows 11 Operating System,512 GB SSD,39.62 cm (15.6 Inch) Display
HP Pavilion Intel Core i5 12th Gen 1240P - (8 GB/512 GB SSD/Windows 11 Home) 15-EG2009TU Thin and Ligh...,"₹68,400",4.2,Intel Core i5 Processor (12th Gen),8 GB DDR4 RAM,64 bit Windows 11 Operating System,512 GB SSD,39.62 cm (15.6 inch) Display
MSI Vector GP78 Intel Core i9 13th Gen 13980HX - (32 GB/2 TB SSD/Windows 11 Home/16 GB Graphics/NVIDIA...,"₹3,44,990",3.9,Intel Core i9 Processor (13th Gen),32 GB DDR5 RAM,Windows 11 Operating System,2 TB SSD,43.18 cm (17 Inch) Display
HP Intel Core i3 11th Gen - (8 GB/512 GB SSD/Windows 11 Home) 15S-FQ2738TU Laptop,"₹36,990",3.9,Intel Core i3 Processor (11th Gen),8 GB DDR4 RAM,Windows 11 Operating System,512 GB SSD,39.62 cm (15.6 inch) Display
ZEBRONICS Pro Series Y Intel Core i5 11th Gen 1155G7 - (16 GB/512 GB SSD/Windows 11 Home) ZEB-NBC 2S T...,"₹27,990",4,Intel Core i5 Processor (11th Gen),16 GB LPDDR4X RAM,64 bit Windows 11 Operating System,512 GB SSD,39.62 cm (15.6 inch) Display
Infinix Y1 Plus Neo Intel Intel Celeron Quad Core 11th Gen JSL N5100 - (8 GB/512 GB SSD/Windows 11 Hom...,"₹22,990",4.1,Intel Celeron Quad Core Processor (11th Gen),8 GB LPDDR4X RAM,Windows 11 Operating System,512 GB SSD,39.01 cm (15.36 inch) Display
DELL Intel Core i5 12th Gen 1235U - (8 GB/512 GB SSD/Windows 11 Home) Vostro 3420 Thin and Light Lapto...,"₹49,990",3.2,Intel Core i5 Processor (12th Gen),8 GB DDR4 RAM,Windows 11 Operating System,512 GB SSD,35.56 cm (14 Inch) Display
MSI GF63 Intel Core i5 11th Gen 11260H - (8 GB/512 GB SSD/Windows 11 Home/4 GB Graphics/NVIDIA GeForce...,"₹47,990",4.2,Intel Core i5 Processor (11th Gen),8 GB DDR4 RAM,Windows 11 Operating System,512 GB SSD,39.62 cm (15.6 Inch) Display
ASUS TUF Gaming F15 with 90WHr Battery Intel Core i5 11th Gen 11400H - (16 GB/512 GB SSD/Windows 11 Ho...,"₹59,990",4.5,Intel Core i5 Processor (11th Gen),16 GB DDR4 RAM,Windows 11 Operating System,512 GB SSD,39.62 cm (15.6 Inch) Display
HP 14a Intel Celeron Dual Core N4500 - (4 GB/64 GB EMMC Storage/Chrome OS) 14a- na1004TU Chromebook,"₹18,990",3.7,Intel Celeron Dual Core Processor,4 GB LPDDR4 RAM,Chrome Operating System,35.56 cm (14 Inch) Touchscreen Display,1 Year Onsite Warranty
ASUS TUF Dash F15 Intel Core i7 12th Gen 12650H - (16 GB/1 TB SSD/Windows 11 Home/4 GB Graphics/NVIDIA...,"₹91,500",4.5,Intel Core i7 Processor (12th Gen),16 GB DDR5 RAM,64 bit Windows 11 Operating System,1 TB SSD,39.62 cm (15.6 inch) Display
HP Spectre x360 (2023) OLED Eyesafe Evo Intel Core i7 13th Gen 1355U - (16 GB/1 TB SSD/Windows 11 Home...,"₹1,39,990",4.7,Intel Core i7 Processor (13th Gen),16 GB LPDDR4X RAM,64 bit Windows 11 Operating System,1 TB SSD,34.29 cm (13.5 Inch) Touchscreen Display
HP Intel Core i3 11th Gen - (8 GB/512 GB SSD/Windows 11 Home) 15S-FR2515TU Laptop,"₹36,790",4.3,Intel Core i3 Processor (11th Gen),8 GB DDR4 RAM,Windows 11 Operating System,512 GB SSD,39.62 cm (15.6 inch) Display
MSI GF63 Intel Core i5 11th Gen 11260H - (8 GB/512 GB SSD/Windows 11 Home/4 GB Graphics/NVIDIA GeForce...,"₹48,990",4.3,Intel Core i5 Processor (11th Gen),8 GB DDR4 RAM,Windows 11 Operating System,512 GB SSD,39.62 cm (15.6 Inch) Display
Acer Predator Neo (2023) Intel Core i7 13th Gen 13700HX - (16 GB/512 GB SSD/Windows 11 Home/6 GB Graph...,"₹1,12,990",4.5,Intel Core i7 Processor (13th Gen),16 GB DDR5 RAM,Windows 11 Operating System,512 GB SSD,40.64 cm (16 Inch) Display
MSI Modern 14 AMD Ryzen 5 Hexa Core 7530U - (16 GB/512 GB SSD/Windows 11 Home) Modern 14 C7M-062IN Thi...,"₹37,990",4.3,AMD Ryzen 5 Hexa Core Processor,16 GB DDR4 RAM,Windows 11 Operating System,512 GB SSD,35.56 cm (14 Inch) Display
Lenovo IdeaPad 3 Intel Core i5 11th Gen - (16 GB/512 GB SSD/Windows 11 Home) 82H803HPIN Laptop,"₹47,490",3.4,Intel Core i5 Processor (11th Gen),16 GB DDR4 RAM,64 bit Windows 11 Operating System,512 GB SSD,39.62 cm (15.6 inch) Display
Lenovo Ideapad Slim 3i Intel Core i5 11th Gen 1155G7 - (8 GB/512 GB SSD/Windows 11 Home) Ideapad Slim ...,"₹49,990",3.6,Intel Core i5 Processor (11th Gen),8 GB DDR4 RAM,64 bit Windows 10 Operating System,512 GB SSD,39.62 cm (15.6 inch) Display
Acer Extensa (2023) AMD Ryzen 5 Quad Core 7520U - (8 GB/512 GB SSD/Windows 11 Home) EX215-23 Thin and ...,"₹31,990",4.1,Stylish & Portable Thin and Light Laptop,LPDDR5 RAM -faster & low power consuming,Firmware TPM (Trusted Platform Module)-Improved Security of your PC,FHD 1080p screen with 250 Nits brightness,Latest WiFi 6
ZEBRONICS Pro Series Z Intel Core i7 12th Gen 1255U - (16 GB/512 GB SSD/Windows 11 Home) ZEB-NBC 5S Th...,"₹40,990",3.9,Intel Core i7 Processor (12th Gen),16 GB DDR4 RAM,Windows 11 Operating System,512 GB SSD,39.62 cm (15.6 inch) Display
HP G9 SERIES AMD Athlon Dual Core 3050U - (4 GB/256 GB SSD/Windows 11 Home) 255 Thin and Light Laptop,"₹20,980",2.8,AMD Athlon Dual Core Processor,4 GB DDR4 RAM,Windows 11 Operating System,256 GB SSD,39.62 cm (15.6 Inch) Display
ASUS Intel Core i3 11th Gen 1115G4 - (8 GB/512 GB SSD/Windows 11 Home) X1400EA-EK323WS Thin and Light ...,"₹31,490",2.9,Intel Core i3 Processor (11th Gen),8 GB DDR4 RAM,Windows 11 Operating System,512 GB SSD,35.56 cm (14 Inch) Display
HP Intel Core i7 13th Gen 1355U - (16 GB/1 TB SSD/Windows 11 Home) 14-ew0153TU Thin and Light Laptop,"₹97,990",4.9,Intel Core i7 Processor (13th Gen),16 GB LPDDR5X RAM,64 bit Windows 11 Operating System,1 TB SSD,35.56 cm (14 Inch) Display
"ASUS Vivobook Pro 15 For Creator, AMD Ryzen 7 Octa Core 5800HS - (16 GB/1 TB SSD/Windows 11 Home/4 GB ...","₹73,990",4.3,AMD Ryzen 7 Octa Core Processor,16 GB DDR4 RAM,Windows 11 Operating System,1 TB SSD,39.62 cm (15.6 Inch) Display
ZEBRONICS Pro Series Y Intel Core i3 11th Gen 1125G4 - (8 GB/512 GB SSD/Windows 11 Home) ZEB-NBC 1S Th...,"₹23,990",3.8,Intel Core i3 Processor (11th Gen),8 GB LPDDR4X RAM,Windows 11 Operating System,512 GB SSD,39.62 cm (15.6 inch) Display
ZEBRONICS Pro Series Z Intel Core i7 12th Gen 1255U - (16 GB/512 GB SSD/Windows 11 Home) ZEB-NBC 5S Th...,"₹40,990",3.9,Intel Core i7 Processor (12th Gen),16 GB DDR4 RAM,Windows 11 Operating System,512 GB SSD,39.62 cm (15.6 inch) Display
HP Spectre x360 Intel Core Ultra 7 155H - (32 GB/1 TB SSD/Windows 11 Home/6 GB Graphics) aa0664TX 2 in...,"₹1,95,990",3.5,Intel Core Ultra 7 Processor,32 GB LPDDR5X RAM,Windows 11 Operating System,1 TB SSD,40.64 cm (16 inch) Touchscreen Display
DELL Inspiron Intel Core i5 11th Gen 1135G7 - (16 GB/512 GB SSD/Windows 11 Home) INSPIRON 3511 Thin an...,"₹52,499",4.1,Intel Core i5 Processor (11th Gen),16 GB DDR4 RAM,64 bit Windows 11 Operating System,512 GB SSD,39.62 cm (15.6 Inch) Display
ASUS TUF Gaming F15 - AI Powered Gaming Intel Core i5 11th Gen 11260H - (8 GB/512 GB SSD/Windows 11 Ho...,"₹48,990",4.3,Intel Core i5 Processor (11th Gen),8 GB DDR4 RAM,Windows 11 Operating System,512 GB SSD,39.62 cm (15.6 Inch) Display
ZEBRONICS Pro Series Y Intel Core i5 11th Gen 1155G7 - (16 GB/512 GB SSD/Windows 11 Home) ZEB-NBC 2S T...,"₹27,990",4,Intel Core i5 Processor (11th Gen),16 GB LPDDR4X RAM,64 bit Windows 11 Operating System,512 GB SSD,39.62 cm (15.6 inch) Display
DELL Vostro AMD Ryzen 5 Hexa Core 5625U - (16 GB/512 GB SSD/Windows 11 Home) Vostro 3425 Metal Thin an...,"₹46,916",4.5,AMD Ryzen 5 Hexa Core Processor,16 GB DDR4 RAM,64 bit Windows 11 Operating System,512 GB SSD,35.56 cm (14 Inch) Display
Lenovo Intel Core i3 11th Gen 1115G4 - (8 GB/256 GB SSD/Windows 11 Home) G2ITL Laptop,"₹29,990",3.3,Intel Core i3 Processor (11th Gen),8 GB DDR4 RAM,64 bit Windows 11 Operating System,256 GB SSD,35.56 cm (14 inch) Display
HP Pavilion AMD Ryzen 5 Hexa Core 5500U - (16 GB/1 TB SSD/Windows 11 Home) 15-eh1047AU Thin and Light ...,"₹55,990",2.8,AMD Ryzen 5 Hexa Core Processor,16 GB DDR4 RAM,Windows 11 Operating System,1 TB SSD,39.62 cm (15.6 Inch) Display
ALIENWARE Intel Core i7 10th Gen 10750H - (16 GB/1 TB SSD/Windows 10 Home/8 GB Graphics/NVIDIA GeForce...,"₹2,69,290",4,NVIDIA GeForce RTX 2070,"15.6 inch Full HD LED Backlit Anti-glare IPS Display, 300 Hz, 300 Nits",Alienware Cryo-tech thermal technology to keep the system cool and running at highest performance,"Tobii-eye tracking to track head pose, presence, fine gaze and eye position",In-built Alienware Command center software with enhanced control over system settings
Infinix Y1 Plus Neo Intel Intel Celeron Quad Core 11th Gen JSL N5100 - (8 GB/512 GB SSD/Windows 11 Hom...,"₹22,990",4.1,Intel Celeron Quad Core Processor (11th Gen),8 GB LPDDR4X RAM,Windows 11 Operating System,512 GB SSD,39.01 cm (15.36 inch) Display
ASUS TUF Gaming F15 with 90WHr Battery Intel Core i5 11th Gen 11400H - (16 GB/512 GB SSD/Windows 11 Ho...,"₹59,990",4.5,Intel Core i5 Processor (11th Gen),16 GB DDR4 RAM,Windows 11 Operating System,512 GB SSD,39.62 cm (15.6 Inch) Display
SAMSUNG Galaxy Book4 360 Evo Intel Core 5 120U - (16 GB/512 GB SSD/Windows 11 Home) NP750QGK-KG1 2 in ...,"₹1,14,990",4.6,Intel Core 5 Processor,16 GB LPDDR5 RAM,64 bit Windows 11 Operating System,512 GB SSD,39.62 cm (15.6 inch) Touchscreen Display
MSI Modern 14 Intel Core i3 13th Gen 1315U - (8 GB/512 GB SSD/Windows 11 Home) Modern 14 C13M-438IN Th...,"₹41,990",4.3,Intel Core i3 Processor (13th Gen),8 GB DDR4 RAM,Windows 11 Operating System,512 GB SSD,35.56 cm (14 Inch) Display
HP 14a Intel Celeron Dual Core N4500 - (4 GB/64 GB EMMC Storage/Chrome OS) 14a- na1004TU Chromebook,"₹18,990",3.7,Intel Celeron Dual Core Processor,4 GB LPDDR4 RAM,Chrome Operating System,35.56 cm (14 Inch) Touchscreen Display,1 Year Onsite Warranty
Acer Predator Neo (2023) Intel Core i7 13th Gen 13700HX - (16 GB/512 GB SSD/Windows 11 Home/6 GB Graph...,"₹1,12,990",4.5,Intel Core i7 Processor (13th Gen),16 GB DDR5 RAM,Windows 11 Operating System,512 GB SSD,40.64 cm (16 Inch) Display
ASUS ROG Flow X16 (2022) with 90Whr Battery AMD Ryzen 7 Octa Core 6800HS - (16 GB/1 TB SSD/Windows 11 ...,"₹1,71,990",4.5,AMD Ryzen 7 Octa Core Processor,16 GB DDR5 RAM,Windows 11 Operating System,1 TB SSD,40.64 cm (16 Inch) Touchscreen Display
Acer Predator Intel Core i9 13th Gen 13900HX - (16 GB/1 TB SSD/Windows 11 Home/8 GB Graphics/NVIDIA Ge...,"₹1,79,990",4.7,Intel Core i9 Processor (13th Gen),16 GB DDR5 RAM,Windows 11 Operating System,1 TB SSD,40.64 cm (16 Inch) Display
Lenovo Legion Pro 5 AMD Ryzen 7 Octa Core 7745HX - (16 GB/1 TB SSD/Windows 11 Home/8 GB Graphics/NVIDI...,"₹1,42,190",5,AMD Ryzen 7 Octa Core Processor,16 GB DDR5 RAM,Windows 11 Operating System,1 TB SSD,40.64 cm (16 inch) Display
HP G9 AMD Ryzen 3 Dual Core 3250U - (8 GB/512 GB SSD/DOS) 841W6PA Thin and Light Laptop,"₹24,999",3.8,AMD Ryzen 3 Dual Core Processor,8 GB DDR4 RAM,DOS Operating System,512 GB SSD,39.62 cm (15.6 Inch) Display
Acer Extensa (2023) AMD Ryzen 5 Quad Core 7520U - (8 GB/512 GB SSD/Windows 11 Home) EX215-23 Thin and ...,"₹31,990",4.1,Stylish & Portable Thin and Light Laptop,LPDDR5 RAM -faster & low power consuming,Firmware TPM (Trusted Platform Module)-Improved Security of your PC,FHD 1080p screen with 250 Nits brightness,Latest WiFi 6
MSI Modern 14 AMD Ryzen 5 Hexa Core 7530U - (16 GB/512 GB SSD/Windows 11 Home) Modern 14 C7M-062IN Thi...,"₹37,990",4.3,AMD Ryzen 5 Hexa Core Processor,16 GB DDR4 RAM,Windows 11 Operating System,512 GB SSD,35.56 cm (14 Inch) Display
HP OMEN Intel Core i7 13th Gen 13700HX - (16 GB/1 TB SSD/Windows 11 Home/8 GB Graphics/NVIDIA GeForce ...,"₹1,99,990",4.1,Intel Core i7 Processor (13th Gen),16 GB DDR5 RAM,Windows 11 Operating System,1 TB SSD,40.64 cm (16 Inch) Display
HP Intel Celeron Dual Core N4500 - (8 GB/512 GB SSD/Windows 11 Home) 15s- fq3066TU Thin and Light Lapt...,"₹28,990",3.8,Intel Celeron Dual Core Processor,8 GB DDR4 RAM,Windows 11 Operating System,512 GB SSD,39.62 cm (15.6 inch) Display
HP 15s Intel Core i5 12th Gen 1240P - (8 GB/512 GB SSD/Windows 11 Home) 15s- fq5010TU Thin and Light L...,"₹61,999",4.2,Intel Core i5 Processor (12th Gen),8 GB DDR4 RAM,64 bit Windows 11 Operating System,512 GB SSD,39.62 cm (15.6 Inch) Display
MICROSOFT Surface Pro 9 Intel Core i5 12th Gen 1235U - (8 GB/128 GB SSD/Windows 11 Home) QCB-00014 Thi...,"₹1,02,990",4.6,Intel Core i5 Processor (12th Gen),8 GB LPDDR5 RAM,Windows 11 Operating System,128 GB SSD,34.29 cm (13.5 Inch) Touchscreen Display
ZEBRONICS Pro Series Y Intel Core i3 11th Gen 1125G4 - (8 GB/512 GB SSD/Windows 11 Home) ZEB-NBC 1S Th...,"₹23,990",3.8,Intel Core i3 Processor (11th Gen),8 GB LPDDR4X RAM,Windows 11 Operating System,512 GB SSD,39.62 cm (15.6 inch) Display
ASUS TUF Gaming F15 - AI Powered Gaming Intel Core i5 11th Gen 11260H - (8 GB/512 GB SSD/Windows 11 Ho...,"₹48,990",4.3,Intel Core i5 Processor (11th Gen),8 GB DDR4 RAM,Windows 11 Operating System,512 GB SSD,39.62 cm (15.6 Inch) Display
HP Intel Celeron Dual Core N4500 - (8 GB/256 GB SSD/Windows 11 Home) 14s-dq3037tu Thin and Light Lapto...,"₹28,200",3.8,Intel Celeron Dual Core Processor,8 GB DDR4 RAM,64 bit Windows 11 Operating System,256 GB SSD,35.56 cm (14 inch) Display
DELL XPS 13 Intel Core i7 12th Gen - (16 GB/1 TB SSD/Windows 11 Home) XPS 13 9320 Thin and Light Lapto...,"₹1,88,499",4.1,Intel Core i7 Processor (12th Gen),16 GB LPDDR5 RAM,64 bit Windows 11 Operating System,1 TB SSD,34.04 cm (13.4 inch) Touchscreen Display
ZEBRONICS Pro Series Y Intel Core i5 11th Gen 1155G7 - (16 GB/512 GB SSD/Windows 11 Home) ZEB-NBC 2S T...,"₹27,990",4,Intel Core i5 Processor (11th Gen),16 GB LPDDR4X RAM,64 bit Windows 11 Operating System,512 GB SSD,39.62 cm (15.6 inch) Display
Infinix Y1 Plus Neo Intel Intel Celeron Quad Core 11th Gen JSL N5100 - (8 GB/512 GB SSD/Windows 11 Hom...,"₹22,990",4.1,Intel Celeron Quad Core Processor (11th Gen),8 GB LPDDR4X RAM,Windows 11 Operating System,512 GB SSD,39.01 cm (15.36 inch) Display
ASUS AMD Ryzen 5 10th Gen 7520U - (16 GB/512 GB SSD/Windows 11 Home) E1504FA-NJ541WS Notebook,"₹49,900",3.9,AMD Ryzen 5 Processor (10th Gen),16 GB DDR4 RAM,Windows 11 Operating System,512 GB SSD,39.62 cm (15.6 inch) Display
Infinix Y4 Max Series Intel Core i7 13th Gen 1355U - (16 GB/512 GB SSD/Windows 11 Home) YL613 Thin and...,"₹52,990",5,Intel Core i7 Processor (13th Gen),16 GB LPDDR4X RAM,Windows 11 Operating System,512 GB SSD,40.64 cm (16 inch) Display
ASUS VivoBook 16X AMD Ryzen 7 Octa Core 5800HS - (16 GB/512 GB SSD/Windows 11 Home) M1603QA-MB711WS Th...,"₹57,990",4.4,AMD Ryzen 7 Octa Core Processor,16 GB DDR4 RAM,64 bit Windows 11 Operating System,512 GB SSD,40.64 cm (16 Inch) Display
HP AMD Ryzen 7 Octa Core 5700U - (16 GB/512 GB SSD/Windows 11 Home) 15s- ey2001au Thin and Light Lapto...,"₹56,290",4.2,AMD Ryzen 7 Octa Core Processor,16 GB DDR4 RAM,Windows 11 Operating System,512 GB SSD,39.62 cm (15.6 Inch) Display
ASUS TUF Gaming F15 with 90WHr Battery Intel Core i5 11th Gen 11400H - (16 GB/512 GB SSD/Windows 11 Ho...,"₹59,990",4.5,Intel Core i5 Processor (11th Gen),16 GB DDR4 RAM,Windows 11 Operating System,512 GB SSD,39.62 cm (15.6 Inch) Display
HP Pavilion (2023) Eyesafe AMD Ryzen 5 Hexa Core 5625U - (16 GB/512 GB SSD/Windows 11 Home) 14-EC1019A...,"₹59,990",4.4,AMD Ryzen 5 Hexa Core Processor,16 GB DDR4 RAM,64 bit Windows 11 Operating System,512 GB SSD,35.56 cm (14 inch) Display
SAMSUNG Galaxy Book4 Pro Evo Intel Core Ultra 5 125H - (16 GB/512 GB SSD/Windows 11 Home) NP960XGK-KG1...,"₹1,41,990",3.8,Intel Core Ultra 5 Processor,16 GB LPDDR5X RAM,64 bit Windows 11 Operating System,512 GB SSD,40.64 cm (16 inch) Touchscreen Display
Lenovo MediaTek MediaTek P60T - (4 GB/128 GB HDD/128 GB SSD/128 GB EMMC Storage/Chrome OS) ZA6F0108IN ...,"₹19,999",3.8,MediaTek MediaTek P60T Processor,4 GB LPDDR4X RAM,Chrome Operating System,128 GB HDD|128 GB SSD,25.65 cm (10.1 Inch) Touchscreen Display
HP 14a Intel Celeron Dual Core N4500 - (4 GB/64 GB EMMC Storage/Chrome OS) 14a- na1004TU Chromebook,"₹18,990",3.7,Intel Celeron Dual Core Processor,4 GB LPDDR4 RAM,Chrome Operating System,35.56 cm (14 Inch) Touchscreen Display,1 Year Onsite Warranty
Acer Predator Neo (2023) Intel Core i7 13th Gen 13700HX - (16 GB/512 GB SSD/Windows 11 Home/6 GB Graph...,"₹1,12,990",4.5,Intel Core i7 Processor (13th Gen),16 GB DDR5 RAM,Windows 11 Operating System,512 GB SSD,40.64 cm (16 Inch) Display
SAMSUNG Galaxy Book3 360 EVO AMOLED Intel Core i7 13th Gen 1360P - (16 GB/1 TB SSD/Windows 11 Home) NP...,"₹1,33,990",4.7,Intel Core i7 Processor (13th Gen),16 GB DDR4X RAM,Windows 11 Operating System,1 TB SSD,39.62 cm (15.6 Inch) Touchscreen Display
MICROSOFT Surface Pro 9 Intel Core i5 12th Gen 1235U - (8 GB/256 GB SSD/Windows 11 Home) QEZ-00048 Thi...,"₹1,13,990",4.7,Intel Core i5 Processor (12th Gen),8 GB LPDDR5 RAM,Windows 11 Operating System,256 GB SSD,33.02 cm (13 inch) Touchscreen Display
Apple 2021 Macbook Pro Apple M1 Max - (32 GB/1 TB SSD/Mac OS Monterey) MK1H3HN/A,"₹2,99,990",4.2,Apple M1 Max Processor,32 GB Unified Memory RAM,Mac OS Operating System,1 TB SSD,41.15 cm (16.2 inch) Display
Acer Aspire 5 gaming Intel Core i5 12th Gen 1240P - (8 GB/512 GB SSD/Windows 11 Home/4 GB Graphics/NVI...,"₹54,499",4.1,Intel Core i5 Processor (12th Gen),8 GB DDR4 RAM,64 bit Windows 11 Operating System,512 GB SSD,39.62 cm (15.6 inch) Display
ZEBRONICS Pro Series Y Intel Core i3 11th Gen 1125G4 - (8 GB/512 GB SSD/Windows 11 Home) ZEB-NBC 1S Th...,"₹23,990",3.8,Intel Core i3 Processor (11th Gen),8 GB LPDDR4X RAM,Windows 11 Operating System,512 GB SSD,39.62 cm (15.6 inch) Display
ASUS TUF Gaming F15 - AI Powered Gaming Intel Core i5 11th Gen 11260H - (8 GB/512 GB SSD/Windows 11 Ho...,"₹48,990",4.3,Intel Core i5 Processor (11th Gen),8 GB DDR4 RAM,Windows 11 Operating System,512 GB SSD,39.62 cm (15.6 Inch) Display
"ASUS Zenbook Pro 14 Duo OLED (2023) For Creator, Intel H-Series Intel Core i5 13th Gen 13500H - (16 GB...","₹1,99,990",2.9,Intel Core i5 Processor (13th Gen),16 GB LPDDR5 RAM,Windows 11 Operating System,1 TB SSD,36.83 cm (14.5 Inch) Touchscreen Display
MSI Modern 15 Intel Core i7 13th Gen 1355U - (8 GB/512 GB SSD/Windows 11 Home) Modern 15 B13M-290IN Th...,"₹64,990",4.3,Intel Core i7 Processor (13th Gen),8 GB DDR4 RAM,Windows 11 Operating System,512 GB SSD,39.62 cm (15.6 Inch) Display
ZEBRONICS Pro Series Y Intel Core i5 11th Gen 1155G7 - (16 GB/512 GB SSD/Windows 11 Home) ZEB-NBC 2S T...,"₹27,990",4,Intel Core i5 Processor (11th Gen),16 GB LPDDR4X RAM,64 bit Windows 11 Operating System,512 GB SSD,39.62 cm (15.6 inch) Display
Infinix Y1 Plus Neo Intel Intel Celeron Quad Core 11th Gen JSL N5100 - (8 GB/512 GB SSD/Windows 11 Hom...,"₹22,990",4.1,Intel Celeron Quad Core Processor (11th Gen),8 GB LPDDR4X RAM,Windows 11 Operating System,512 GB SSD,39.01 cm (15.36 inch) Display
Acer AMD Ryzen 3 Dual Core 3250U - (8 GB/256 GB SSD/Windows 11 Home) Z2-493 Thin and Light Laptop,"₹27,990",4,AMD Ryzen 3 Dual Core Processor,8 GB DDR4 RAM,64 bit Windows 11 Operating System,256 GB SSD,35.56 cm (14 inch) Display
HP Spectre x360 Intel Core Ultra 7 155H - (32 GB/2 TB SSD/Windows 11 Home) aa0665TU 2 in 1 Laptop,"₹1,74,490",3.9,Intel Core Ultra 7 Processor,32 GB LPDDR5X RAM,Windows 11 Operating System,2 TB SSD,40.64 cm (16 inch) Touchscreen Display
ASUS Vivobook Go 14 (2023) Intel Intel Core i3 12th Gen N305 - (8 GB/512 GB SSD/Windows 11 Home) E1404...,"₹36,990",4.2,Intel Core i3 Processor (12th Gen),8 GB DDR4 RAM,Windows 11 Operating System,512 GB SSD,35.56 cm (14 Inch) Display
HP 250 G8 Intel Core i3 11th Gen Core™ i3-1115G4 - (8 GB/1 TB HDD/256 GB SSD/DOS) 250 G8 Business Lapt...,"₹34,980",4,Intel Core i3 Processor (11th Gen),8 GB DDR4 RAM,DOS Operating System,1 TB HDD|256 GB SSD,39.62 cm (15.6 inch) Display
ASUS TUF Gaming F15 with 90WHr Battery Intel Core i5 11th Gen 11400H - (16 GB/512 GB SSD/Windows 11 Ho...,"₹59,990",4.5,Intel Core i5 Processor (11th Gen),16 GB DDR4 RAM,Windows 11 Operating System,512 GB SSD,39.62 cm (15.6 Inch) Display
HP 14a Intel Celeron Dual Core N4500 - (4 GB/64 GB EMMC Storage/Chrome OS) 14a- na1004TU Chromebook,"₹18,990",3.7,Intel Celeron Dual Core Processor,4 GB LPDDR4 RAM,Chrome Operating System,35.56 cm (14 Inch) Touchscreen Display,1 Year Onsite Warranty
Apple 2023 Macbook Air Apple M2 - (8 GB/256 GB SSD/macOS Ventura) MQKP3HN/A,"₹1,22,990",4.7,Apple M2 Processor,8 GB Unified Memory RAM,Mac OS Operating System,256 GB SSD,38.86 cm (15.3 Inch) Display
ASUS Vivobook 15 Intel Core i3 12th Gen 1215U - (8 GB/512 GB SSD/Windows 11 Home) X1502ZA-EJ322WS Thin...,"₹35,990",4.3,Intel Core i3 Processor (12th Gen),8 GB DDR4 RAM,Windows 11 Operating System,512 GB SSD,39.62 cm (15.6 Inch) Display
Acer Predator Neo (2023) Intel Core i7 13th Gen 13700HX - (16 GB/512 GB SSD/Windows 11 Home/6 GB Graph...,"₹1,12,990",4.5,Intel Core i7 Processor (13th Gen),16 GB DDR5 RAM,Windows 11 Operating System,512 GB SSD,40.64 cm (16 Inch) Display
Acer Extensa (2023) AMD Ryzen 5 Quad Core 7520U - (8 GB/512 GB SSD/Windows 11 Home) EX215-23 Thin and ...,"₹31,990",4.1,Stylish & Portable Thin and Light Laptop,LPDDR5 RAM -faster & low power consuming,Firmware TPM (Trusted Platform Module)-Improved Security of your PC,FHD 1080p screen with 250 Nits brightness,Latest WiFi 6
ASUS TUF Gaming A15 (2023) with 90WHr Battery AMD Ryzen 7 Octa Core 7735HS - (16 GB/512 GB SSD/Windows...,"₹89,990",4.3,AMD Ryzen 7 Octa Core Processor,16 GB DDR5 RAM,Windows 11 Operating System,512 GB SSD,39.62 cm (15.6 Inch) Display
HP Intel Core i3 12th Gen 1215U - (8 GB/512 GB SSD/Windows 11 Home) 14s - dy5008TU Thin and Light Lapt...,"₹38,490",4,Intel Core i3 Processor (12th Gen),8 GB DDR4 RAM,64 bit Windows 11 Operating System,512 GB SSD,35.56 cm (14 Inch) Display
HP AMD Athlon Dual Core 3050U - (8 GB/256 GB SSD/Windows 11 Home) 14s-fq0568AU Thin and Light Laptop,"₹28,405",4.1,AMD Athlon Dual Core Processor,8 GB DDR4 RAM,64 bit Windows 11 Operating System,256 GB SSD,35.56 cm (14 inch) Display
Acer Aspire 7 (2023) Intel Core i5 12th Gen 12450H - (8 GB/512 GB SSD/Windows 11 Home/4 GB Graphics/NV...,"₹52,499",4.3,Intel Core i5 Processor (12th Gen),8 GB DDR4 RAM,64 bit Windows 11 Operating System,512 GB SSD,39.62 cm (15.6 Inch) Display
MSI Modern 14 AMD Ryzen 5 Hexa Core 7530U - (16 GB/512 GB SSD/Windows 11 Home) Modern 14 C7M-062IN Thi...,"₹37,990",4.3,AMD Ryzen 5 Hexa Core Processor,16 GB DDR4 RAM,Windows 11 Operating System,512 GB SSD,35.56 cm (14 Inch) Display
ZEBRONICS Pro Series Z Intel Core i7 12th Gen 1255U - (16 GB/512 GB SSD/Windows 11 Home) ZEB-NBC 5S Th...,"₹40,990",3.9,Intel Core i7 Processor (12th Gen),16 GB DDR4 RAM,Windows 11 Operating System,512 GB SSD,39.62 cm (15.6 inch) Display
HP OMEN Intel Core i9 13th Gen 13900HX - (32 GB/1 TB SSD/Windows 11 Home/8 GB Graphics/NVIDIA GeForce ...,"₹2,37,990",4.4,Intel Core i9 Processor (13th Gen),32 GB DDR5 RAM,Windows 11 Operating System,1 TB SSD,40.64 cm (16 Inch) Display
Lenovo Ideapad Gaming 3 AMD Ryzen 5 Hexa Core AMD R5-5600H - (8 GB/512 GB SSD/Windows 11 Home/4 GB Gra...,"₹49,500",4.4,AMD Ryzen 5 Hexa Core Processor,8 GB DDR4 RAM,64 bit Windows 11 Operating System,512 GB SSD,39.62 cm (15.6 inch) Display
ZEBRONICS Pro Series Y Intel Core i3 11th Gen 1125G4 - (8 GB/512 GB SSD/Windows 11 Home) ZEB-NBC 1S Th...,"₹23,990",3.8,Intel Core i3 Processor (11th Gen),8 GB LPDDR4X RAM,Windows 11 Operating System,512 GB SSD,39.62 cm (15.6 inch) Display
HP 14a Intel Celeron Dual Core N4500 - (4 GB/64 GB EMMC Storage/Chrome OS) 14a- na1004TU Chromebook,"₹18,990",3.7,Intel Celeron Dual Core Processor,4 GB LPDDR4 RAM,Chrome Operating System,35.56 cm (14 Inch) Touchscreen Display,1 Year Onsite Warranty
SAMSUNG Galaxy Book4 360 Evo Intel Core 5 120U - (16 GB/512 GB SSD/Windows 11 Home) NP750QGK-KG1 2 in ...,"₹1,14,990",5,Intel Core 5 Processor,16 GB LPDDR5 RAM,64 bit Windows 11 Operating System,512 GB SSD,39.62 cm (15.6 inch) Touchscreen Display
ASUS Vivobook Go 15 (2023) AMD Ryzen 5 Quad Core 7520U - (16 GB/512 GB SSD/Windows 11 Home) E1504FA-NJ...,"₹47,855",3.5,AMD Ryzen 5 Quad Core Processor,16 GB LPDDR5 RAM,Windows 11 Operating System,512 GB SSD,39.62 cm (15.6 Inch) Display
Lenovo Intel Core i3 11th Gen 1115G4 - (8 GB/256 GB SSD/Windows 11 Home) G2ITL Laptop,"₹29,990",3.3,Intel Core i3 Processor (11th Gen),8 GB DDR4 RAM,64 bit Windows 11 Operating System,256 GB SSD,35.56 cm (14 inch) Display
HP Pavilion AMD Ryzen 5 Hexa Core 5500U - (16 GB/1 TB SSD/Windows 11 Home) 15-eh1047AU Thin and Light ...,"₹55,990",4.5,AMD Ryzen 5 Hexa Core Processor,16 GB DDR4 RAM,Windows 11 Operating System,1 TB SSD,39.62 cm (15.6 Inch) Display
ZEBRONICS Pro Series Y Intel Core i5 11th Gen 1155G7 - (16 GB/512 GB SSD/Windows 11 Home) ZEB-NBC 2S T...,"₹27,990",4,Intel Core i5 Processor (11th Gen),16 GB LPDDR4X RAM,64 bit Windows 11 Operating System,512 GB SSD,39.62 cm (15.6 inch) Display
ZEBRONICS Pro Series Z Intel Core i7 12th Gen 1255U - (16 GB/512 GB SSD/Windows 11 Home) ZEB-NBC 5S Th...,"₹40,990",3.9,Intel Core i7 Processor (12th Gen),16 GB DDR4 RAM,Windows 11 Operating System,512 GB SSD,39.62 cm (15.6 inch) Display
ALIENWARE Intel Core i7 10th Gen 10750H - (16 GB/1 TB SSD/Windows 10 Home/8 GB Graphics/NVIDIA GeForce...,"₹2,69,290",4,NVIDIA GeForce RTX 2070,"15.6 inch Full HD LED Backlit Anti-glare IPS Display, 300 Hz, 300 Nits",Alienware Cryo-tech thermal technology to keep the system cool and running at highest performance,"Tobii-eye tracking to track head pose, presence, fine gaze and eye position",In-built Alienware Command center software with enhanced control over system settings
DELL Inspiron Intel Core i5 11th Gen 1135G7 - (16 GB/512 GB SSD/Windows 11 Home) INSPIRON 3511 Thin an...,"₹52,499",4.1,Intel Core i5 Processor (11th Gen),16 GB DDR4 RAM,64 bit Windows 11 Operating System,512 GB SSD,39.62 cm (15.6 Inch) Display
Infinix Y1 Plus Neo Intel Intel Celeron Quad Core 11th Gen JSL N5100 - (8 GB/512 GB SSD/Windows 11 Hom...,"₹22,990",4.1,Intel Celeron Quad Core Processor (11th Gen),8 GB LPDDR4X RAM,Windows 11 Operating System,512 GB SSD,39.01 cm (15.36 inch) Display
ASUS TUF Gaming F15 - AI Powered Gaming Intel Core i5 11th Gen 11260H - (8 GB/512 GB SSD/Windows 11 Ho...,"₹48,990",4.3,Intel Core i5 Processor (11th Gen),8 GB DDR4 RAM,Windows 11 Operating System,512 GB SSD,39.62 cm (15.6 Inch) Display
HP Victus e0333 AMD Ryzen 5 Hexa Core 5600H - (16 GB/512 GB SSD/Windows 11 Home/6 GB Graphics/NVIDIA G...,"₹84,600",4.3,AMD Ryzen 5 Hexa Core Processor,16 GB DDR4 RAM,Windows 11 Operating System,512 GB SSD,40.89 cm (16.1 Inch) Display
HP Spectre x360 Intel Core Ultra 7 155H - (32 GB/1 TB SSD/Windows 11 Home/6 GB Graphics) aa0664TX 2 in...,"₹1,95,990",4.6,Intel Core Ultra 7 Processor,32 GB LPDDR5X RAM,Windows 11 Operating System,1 TB SSD,40.64 cm (16 inch) Touchscreen Display
DELL Vostro AMD Ryzen 5 Hexa Core 5625U - (16 GB/512 GB SSD/Windows 11 Home) Vostro 3425 Metal Thin an...,"₹46,916",4.5,AMD Ryzen 5 Hexa Core Processor,16 GB DDR4 RAM,64 bit Windows 11 Operating System,512 GB SSD,35.56 cm (14 Inch) Display
ASUS Pro P5 Intel Core i7 8th Gen 8565U - (8 GB/1 TB HDD/256 GB SSD/Windows 10 Pro) Pro P5 P5440FA Thi...,"₹59,699",3.9,Intel Core i7 Processor (8th Gen),8 GB DDR4 RAM,64 bit Windows 10 Operating System,1 TB HDD|256 GB SSD,35.56 cm (14 inch) Display
HP Pavilion (2023) Eyesafe AMD Ryzen 5 Hexa Core 5625U - (16 GB/512 GB SSD/Windows 11 Home) 14-EC1019A...,"₹59,990",4.4,AMD Ryzen 5 Hexa Core Processor,16 GB DDR4 RAM,64 bit Windows 11 Operating System,512 GB SSD,35.56 cm (14 inch) Display
ZEBRONICS Pro Series Z Intel Core i5 12th Gen 1235U - (8 GB/512 GB SSD/Windows 11 Home) ZEB-NBC 4S Thi...,"₹31,990",3.8,Intel Core i5 Processor (12th Gen),8 GB DDR4 RAM,Windows 11 Operating System,512 GB SSD,39.62 cm (15.6 Inch) Display
Apple MacBook Pro Intel Core i5 8th Gen - (8 GB/512 GB SSD/Mac OS Mojave) MV972HN/A,"₹1,62,990",4.2,Intel Core i5 Processor (8th Gen),8 GB DDR3 RAM,Mac OS Operating System,512 GB SSD,33.78 cm (13.3 inch) Display
Lenovo ThinkBook 15 Intel Core i5 12th Gen 1235U - (8 GB/512 GB SSD/Windows 11 Home) TB15 G4 IAP Thin ...,"₹48,990",4.1,Intel Core i5 Processor (12th Gen),8 GB DDR4 RAM,Windows 11 Operating System,512 GB SSD,39.62 cm (15.6 Inch) Display
ZEBRONICS Pro Series Z Intel Core i3 12th Gen 1215U - (8 GB/512 GB SSD/Windows 11 Home) ZEB-NBC 3S Thi...,"₹27,990",3.9,Intel Core i3 Processor (12th Gen),8 GB DDR4 RAM,Windows 11 Operating System,512 GB SSD,39.62 cm (15.6 inch) Display
SAMSUNG Galaxy Book 2 Intel Core i5 12th Gen 1235U - (8 GB/512 GB SSD/Windows 11 Home) NP550 Thin and ...,"₹42,990",4.3,Intel Core i5 Processor (12th Gen),8 GB DDR4 RAM,Windows 11 Operating System,512 GB SSD,39.62 cm (15.6 Inch) Display
ASUS Vivobook 15 Intel Core i3 11th Gen 1115G4 - (8 GB/512 GB SSD/Windows 11 Home) X515EA-EJ322WS Lapt...,"₹33,999",4.4,Intel Core i3 Processor (11th Gen),8 GB DDR4 RAM,64 bit Windows 10 Operating System,512 GB SSD,39.62 cm (15.6 inch) Display
HP Pavilion Intel Core i5 12th Gen 1235U - (8 GB/512 GB SSD/Windows 11 Home) 14-dv2053TU Thin and Ligh...,"₹62,990",4.2,Intel Core i5 Processor (12th Gen),8 GB DDR4 RAM,64 bit Windows 11 Operating System,512 GB SSD,35.56 cm (14 Inch) Display
ZEBRONICS Pro Series Y Intel Core i3 11th Gen 1125G4 - (8 GB/512 GB SSD/Windows 11 Home) ZEB-NBC 1S Th...,"₹23,990",3.8,Intel Core i3 Processor (11th Gen),8 GB LPDDR4X RAM,Windows 11 Operating System,512 GB SSD,39.62 cm (15.6 inch) Display
ASUS TUF Gaming F15 - AI Powered Gaming Intel Core i5 11th Gen 11260H - (8 GB/512 GB SSD/Windows 11 Ho...,"₹48,990",4.3,Intel Core i5 Processor (11th Gen),8 GB DDR4 RAM,Windows 11 Operating System,512 GB SSD,39.62 cm (15.6 Inch) Display
Infinix INBook X2 Plus Intel Core i3 11th Gen 1115G4 - (8 GB/256 GB SSD/Windows 11 Home) XL25 Thin and...,"₹25,990",4.2,Intel Core i3 Processor (11th Gen),8 GB LPDDR4X RAM,64 bit Windows 11 Operating System,256 GB SSD,39.62 cm (15.6 Inch) Display
DELL Inspiron AMD Ryzen 5 Quad Core 5500u - (8 GB/512 GB SSD/Windows 11 Home) Inspiron 3525 Thin and L...,"₹42,499",3.9,AMD Ryzen 5 Quad Core Processor,8 GB DDR4 RAM,64 bit Windows 11 Operating System,512 GB SSD,39.62 cm (15.6 inch) Display
ZEBRONICS Pro Series Y Intel Core i5 11th Gen 1155G7 - (16 GB/512 GB SSD/Windows 11 Home) ZEB-NBC 2S T...,"₹27,990",4,Intel Core i5 Processor (11th Gen),16 GB LPDDR4X RAM,64 bit Windows 11 Operating System,512 GB SSD,39.62 cm (15.6 inch) Display
Infinix Y1 Plus Neo Intel Intel Celeron Quad Core 11th Gen JSL N5100 - (8 GB/512 GB SSD/Windows 11 Hom...,"₹22,990",4.1,Intel Celeron Quad Core Processor (11th Gen),8 GB LPDDR4X RAM,Windows 11 Operating System,512 GB SSD,39.01 cm (15.36 inch) Display
ASUS X1500EA-EJ3379WS Intel Core i3 11th Gen - (8 GB/512 GB SSD/Windows 11 Home) X1500EA-EJ3379WS Thin...,"₹33,200",4.1,Intel Core i3 Processor (11th Gen),8 GB DDR4 RAM,Windows 11 Operating System,512 GB SSD,39.62 cm (15.6 inch) Display
ASUS Vivobook S15 OLED Intel EVO H-Series Intel Core i7 12th Gen 12700H - (16 GB/512 GB SSD/Windows 11...,"₹84,990",5,Intel Core i7 Processor (12th Gen),16 GB DDR4 RAM,Windows 11 Operating System,512 GB SSD,39.62 cm (15.6 inch) Display
MSI Katana 15 Intel Core i7 12th Gen 12650H - (16 GB/1 TB SSD/Windows 11 Home/6 GB Graphics/NVIDIA GeF...,"₹94,990",4.5,Intel Core i7 Processor (12th Gen),16 GB DDR5 RAM,Windows 11 Operating System,1 TB SSD,39.62 cm (15.6 Inch) Display
Apple 2022 MacBook AIR Apple M2 - (8 GB/256 GB SSD/Mac OS Monterey) MLXW3HN/A,"₹99,990",4.7,Apple M2 Processor,8 GB Unified Memory RAM,Mac OS Operating System,256 GB SSD,34.54 cm (13.6 Inch) Display
ASUS TUF Gaming F15 with 90WHr Battery Intel Core i5 11th Gen 11400H - (16 GB/512 GB SSD/Windows 11 Ho...,"₹59,990",4.5,Intel Core i5 Processor (11th Gen),16 GB DDR4 RAM,Windows 11 Operating System,512 GB SSD,39.62 cm (15.6 Inch) Display
HP 14a Intel Celeron Dual Core N4500 - (4 GB/64 GB EMMC Storage/Chrome OS) 14a- na1004TU Chromebook,"₹18,990",3.7,Intel Celeron Dual Core Processor,4 GB LPDDR4 RAM,Chrome Operating System,35.56 cm (14 Inch) Touchscreen Display,1 Year Onsite Warranty
ASUS Vivobook 15X (2023) Intel Core i3 13th Gen 1315U - (8 GB/512 GB SSD/Windows 11 Home) K3504VAB-NJ3...,"₹39,990",4.1,Intel Core i3 Processor (13th Gen),8 GB DDR4 RAM,Windows 11 Operating System,512 GB SSD,39.62 cm (15.6 Inch) Display
HP Intel Core i5 11th Gen - (8 GB/512 GB SSD/Windows 11 Home/4 GB Graphics/NVIDIA GeForce GTX NVIDIA) ...,"₹56,999",4.3,Intel Core i5 Processor (11th Gen),8 GB DDR4 RAM,Windows 11 Operating System,512 GB SSD,40.89 cm (16.1 inch) Display
Acer Predator Neo (2023) Intel Core i7 13th Gen 13700HX - (16 GB/512 GB SSD/Windows 11 Home/6 GB Graph...,"₹1,12,990",4.5,Intel Core i7 Processor (13th Gen),16 GB DDR5 RAM,Windows 11 Operating System,512 GB SSD,40.64 cm (16 Inch) Display
Acer Extensa (2023) AMD Ryzen 5 Quad Core 7520U - (8 GB/512 GB SSD/Windows 11 Home) EX215-23 Thin and ...,"₹31,990",4.1,Stylish & Portable Thin and Light Laptop,LPDDR5 RAM -faster & low power consuming,Firmware TPM (Trusted Platform Module)-Improved Security of your PC,FHD 1080p screen with 250 Nits brightness,Latest WiFi 6
HP 2023 Intel Core i5 11th Gen 1155G7 - (16 GB/512 GB SSD/Windows 11 Home) 15s-fr4001TU Thin and Light...,"₹52,499",4.3,Intel Core i5 Processor (11th Gen),16 GB DDR4 RAM,64 bit Windows 11 Operating System,512 GB SSD,39.62 cm (15.6 Inch) Display
"ASUS ROG Strix G16 (2023), Intel Intel Core i5 13th Gen 13450HX - (16 GB/1 TB SSD/Windows 11 Home/6 GB...","₹94,990",4.4,Intel Core i5 Processor (13th Gen),16 GB DDR5 RAM,Windows 11 Operating System,1 TB SSD,40.64 cm (16 Inch) Display
HP 15s AMD Ryzen 5 Hexa Core 5500U - (16 GB/512 GB SSD/Windows 11 Home) 15s-eq2132au Thin and Light La...,"₹46,150",4.3,AMD Ryzen 5 Hexa Core Processor,16 GB DDR4 RAM,Windows 11 Operating System,512 GB SSD,39.62 cm (15.6 inch) Display
HP 14s Intel Celeron Dual Core N4500 - (8 GB/256 GB SSD/Windows 11 Home) 14s- dq3032tu Thin and Light ...,"₹28,500",3.8,Intel Celeron Dual Core Processor,8 GB DDR4 RAM,64 bit Windows 11 Operating System,256 GB SSD,35.56 cm (14 Inch) Display
MSI Modern 14 AMD Ryzen 5 Hexa Core 7530U - (16 GB/512 GB SSD/Windows 11 Home) Modern 14 C7M-062IN Thi...,"₹37,990",4.3,AMD Ryzen 5 Hexa Core Processor,16 GB DDR4 RAM,Windows 11 Operating System,512 GB SSD,35.56 cm (14 Inch) Display
ZEBRONICS Pro Series Z Intel Core i7 12th Gen 1255U - (16 GB/512 GB SSD/Windows 11 Home) ZEB-NBC 5S Th...,"₹40,990",3.9,Intel Core i7 Processor (12th Gen),16 GB DDR4 RAM,Windows 11 Operating System,512 GB SSD,39.62 cm (15.6 inch) Display
ASUS TUF Gaming F15 - AI Powered Gaming Intel Core i5 11th Gen 11400H - (8 GB/512 GB SSD/Windows 11 Ho...,"₹49,990",4.4,Intel Core i5 Processor (11th Gen),8 GB DDR4 RAM,Windows 11 Operating System,512 GB SSD,39.62 cm (15.6 Inch) Display
HP 15s (2023) AMD Ryzen 5 Quad Core 7520U - (16 GB/512 GB SSD/Windows 11 Home) 15-fc0030AU Thin and Li...,"₹47,900",4.3,AMD Ryzen 5 Quad Core Processor,16 GB LPDDR5 RAM,64 bit Windows 11 Operating System,512 GB SSD,39.62 cm (15.6 Inch) Display
ZEBRONICS Pro Series Y Intel Core i3 11th Gen 1125G4 - (8 GB/512 GB SSD/Windows 11 Home) ZEB-NBC 1S Th...,"₹23,990",3.8,Intel Core i3 Processor (11th Gen),8 GB LPDDR4X RAM,Windows 11 Operating System,512 GB SSD,39.62 cm (15.6 inch) Display
ASUS TUF Gaming F15 - AI Powered Gaming Intel Core i5 11th Gen 11260H - (8 GB/512 GB SSD/Windows 11 Ho...,"₹48,990",4.3,Intel Core i5 Processor (11th Gen),8 GB DDR4 RAM,Windows 11 Operating System,512 GB SSD,39.62 cm (15.6 Inch) Display
Acer Travelmate AMD Ryzen 5 Hexa Core 5500U - (8 GB/512 GB SSD/Windows 11 Home) TMP214-41-G3 Thin and ...,"₹29,990",4.1,AMD Ryzen 5 Hexa Core Processor,8 GB DDR4 RAM,Windows 11 Operating System,512 GB SSD,35.56 cm (14 Inch) Display
DELL Inspiron Intel Core i5 11th Gen 11320H - (16 GB/512 GB SSD/Windows 11 Home) Inspiron 5518 Thin an...,"₹36,607",4.1,Intel Core i5 Processor (11th Gen),16 GB DDR4 RAM,64 bit Windows 11 Operating System,512 GB SSD,39.62 cm (15.6 Inch) Display
DELL Latitude Intel Core i3 11th Gen Core i3-1115G4 - (8 GB/256 GB SSD/Ubuntu) 3420 Business Laptop,"₹33,499",4,Intel Core i3 Processor (11th Gen),8 GB DDR4 RAM,64 bit Linux/Ubuntu Operating System,256 GB SSD,35.56 cm (14 inch) Display
Apple 2022 MacBook AIR Apple M2 - (8 GB/256 GB SSD/Mac OS Monterey) MLY13HN/A,"₹99,990",4.7,Apple M2 Processor,8 GB Unified Memory RAM,Mac OS Operating System,256 GB SSD,34.54 cm (13.6 Inch) Display
ZEBRONICS Pro Series Y Intel Core i5 11th Gen 1155G7 - (16 GB/512 GB SSD/Windows 11 Home) ZEB-NBC 2S T...,"₹27,990",4,Intel Core i5 Processor (11th Gen),16 GB LPDDR4X RAM,64 bit Windows 11 Operating System,512 GB SSD,39.62 cm (15.6 inch) Display
Infinix Y1 Plus Neo Intel Intel Celeron Quad Core 11th Gen JSL N5100 - (8 GB/512 GB SSD/Windows 11 Hom...,"₹22,990",4.1,Intel Celeron Quad Core Processor (11th Gen),8 GB LPDDR4X RAM,Windows 11 Operating System,512 GB SSD,39.01 cm (15.36 inch) Display
Ultimus Intel Celeron Dual Core N4020 - (4 GB/128 GB EMMC Storage/Windows 11 Home) NU14U3INC43BN-CS Th...,"₹12,990",4.7,Intel Celeron Dual Core Processor,4 GB DDR4 RAM,Windows 11 Operating System,35.81 cm (14.1 inch) Display,1 Year Onsite Warranty
ZEBRONICS Pro Series Z Intel Core i7 12th Gen 1255U - (16 GB/512 GB SSD/Windows 11 Home) ZEB-NBC 5S Th...,"₹40,990",3.9,Intel Core i7 Processor (12th Gen),16 GB DDR4 RAM,Windows 11 Operating System,512 GB SSD,39.62 cm (15.6 inch) Display
ASUS TUF Gaming F15 with 90WHr Battery Intel Core i5 11th Gen 11400H - (16 GB/512 GB SSD/Windows 11 Ho...,"₹59,990",4.5,Intel Core i5 Processor (11th Gen),16 GB DDR4 RAM,Windows 11 Operating System,512 GB SSD,39.62 cm (15.6 Inch) Display
HP 14a Intel Celeron Dual Core N4500 - (4 GB/64 GB EMMC Storage/Chrome OS) 14a- na1004TU Chromebook,"₹18,990",3.7,Intel Celeron Dual Core Processor,4 GB LPDDR4 RAM,Chrome Operating System,35.56 cm (14 Inch) Touchscreen Display,1 Year Onsite Warranty
Acer Aspire 5 Gaming Intel Core i5 12th Gen 1240P - (16 GB/512 GB SSD/Windows 11 Home/4 GB Graphics/NV...,"₹56,499",4.1,Intel Core i5 Processor (12th Gen),16 GB DDR4 RAM,64 bit Windows 11 Operating System,512 GB SSD,39.62 cm (15.6 inch) Display
HP 841w6pa 255 g9 AMD Ryzen 3 Dual Core AMD Ryzen™ 3 processor 3250U - (8 GB/512 GB SSD/DOS) 255 G8 La...,"₹26,990",3.9,AMD Ryzen 3 Dual Core Processor,8 GB DDR4 RAM,DOS Operating System,512 GB SSD,39.62 cm (15.6 inch) Display
ASUS TUF Gaming F15 with 90Whr Battery with 90WHr Battery Intel H-Series Intel Core i5 11th Gen 11400H...,"₹62,990",4.7,Intel Core i5 Processor (11th Gen),16 GB DDR4 RAM,Windows 11 Operating System,512 GB SSD,39.62 cm (15.6 Inch) Display
SAMSUNG Galaxy Book3 Intel Core i7 13th Gen 1355U - (16 GB/512 GB SSD/Windows 11 Home) NP750XFG-KA3IN ...,"₹81,990",4.5,Intel Core i7 Processor (13th Gen),16 GB LPDDR4X RAM,Windows 11 Operating System,512 GB SSD,39.62 cm (15.6 Inch) Display
Acer Predator Neo (2023) Intel Core i7 13th Gen 13700HX - (16 GB/512 GB SSD/Windows 11 Home/6 GB Graph...,"₹1,12,990",4.5,Intel Core i7 Processor (13th Gen),16 GB DDR5 RAM,Windows 11 Operating System,512 GB SSD,40.64 cm (16 Inch) Display
Acer Extensa (2023) AMD Ryzen 5 Quad Core 7520U - (8 GB/512 GB SSD/Windows 11 Home) EX215-23 Thin and ...,"₹31,990",4.1,Stylish & Portable Thin and Light Laptop,LPDDR5 RAM -faster & low power consuming,Firmware TPM (Trusted Platform Module)-Improved Security of your PC,FHD 1080p screen with 250 Nits brightness,Latest WiFi 6
ASUS Vivobook S14 OLED Intel EVO H-Series Intel Core i7 12th Gen 12700H - (16 GB/512 GB SSD/Windows 11...,"₹84,990",4.3,Intel Core i7 Processor (12th Gen),16 GB DDR4 RAM,Windows 11 Operating System,512 GB SSD,35.56 cm (14 inch) Display
ASUS Intel Core i5 11th Gen 1135G7 - (16 GB/512 GB SSD/Windows 11 Home) X1400EA-EK543WS Thin and Light...,"₹46,990",4.3,Intel Core i5 Processor (11th Gen),16 GB DDR4 RAM,Windows 11 Operating System,512 GB SSD,35.56 cm (14 inch) Display
MSI Modern 14 AMD Ryzen 5 Hexa Core 7530U - (16 GB/512 GB SSD/Windows 11 Home) Modern 14 C7M-062IN Thi...,"₹37,990",4.3,AMD Ryzen 5 Hexa Core Processor,16 GB DDR4 RAM,Windows 11 Operating System,512 GB SSD,35.56 cm (14 Inch) Display
ZEBRONICS Pro Series Z Intel Core i7 12th Gen 1255U - (16 GB/512 GB SSD/Windows 11 Home) ZEB-NBC 5S Th...,"₹40,990",3.9,Intel Core i7 Processor (12th Gen),16 GB DDR4 RAM,Windows 11 Operating System,512 GB SSD,39.62 cm (15.6 inch) Display
HP Pavilion 15 (2023) Intel Core i3 12th Gen 1215U - (8 GB/512 GB SSD/Windows 11 Home) 15-eg2017TU Thi...,"₹48,490",4.4,Intel Core i3 Processor (12th Gen),8 GB DDR4 RAM,Windows 11 Operating System,512 GB SSD,39.62 cm (15.6 Inch) Display
ASUS Vivobook Intel Celeron Dual Core N4020 - (8 GB/512 GB SSD/Windows 10 Home) X515MA-BR022WS Thin an...,"₹27,990",3.9,Intel Celeron Dual Core Processor,8 GB DDR4 RAM,64 bit Windows 11 Operating System,512 GB SSD,39.62 cm (15.6 inch) Display
